Histo_Date;Histo_Version;Histo_Description;Histo_Author;Histo_Modified;Month_Validated;Quart_Forecast_Value;Quart_Difference;Quart_Rational;Quart_Comment;Budget_Forecast_Value;Budget_Difference;Budget_Rational;Budget_Comments;Final_Difference_Value;Final_Rational;Final_Comments;FAE_Total_Amount;FAE_Quote_Number;FAE_Quote_Status;FAE_Quote_Request_Date;FAE_Formal_Approval_Sponsor;FAE_Formal_Approval_Median;FAE_Estimated_Date_Fix;FAE_Additional_Comments
;;;;;;;;;;;;;;;;;;;;;;;;
2024-07-04;39.0;Update forecasts;Jean-Francois OTTAVI (Project Manager);X;2024-06-01;30258.0;-4848.66;21- n/a;;228759.5;-177027.34;21- n/a;Study downgraded from BICR + PD cof to 1/3 PD conf only, 2/3 C&H;-167584.42000000016;03- Reduction of scope with CO scheduled or in progress;CO in discussion for updated scope;0.0;;;;no;no;;
2024-07-02;38.0;small modif to CT QC unit count for Jun-24;Jean-Francois OTTAVI (Project Manager);X;2024-06-01;30258.0;-4848.66;21- n/a;;141754.22;-89205.73999999999;21- n/a;;-151272.9800000001;03- Reduction of scope with CO scheduled or in progress;CO in discussion for updated scope;0.0;;;;no;no;;
2024-07-02;37.0;Jun-2024 invoicing;Jean-Francois OTTAVI (Project Manager);X;2024-06-01;30258.0;-4848.66;21- n/a;;141754.22;-89205.73999999999;21- n/a;;-151272.9800000001;03- Reduction of scope with CO scheduled or in progress;CO in discussion for updated scope;0.0;;;;no;no;;
2024-06-21;36.0;Template 091 v06 implementation;Jean-Francois OTTAVI (Project Manager);X;;;;;;;;;;;;;;;;;;;;
