Histo_Date;Histo_Version;Histo_Description;Histo_Author;Histo_Modified;Month_Validated;Quart_Forecast_Value;Quart_Difference;Quart_Rational;Quart_Comment;Budget_Forecast_Value;Budget_Difference;Budget_Rational;Budget_Comments;Final_Difference_Value;Final_Rational;Final_Comments;FAE_Total_Amount;FAE_Quote_Number;FAE_Quote_Status;FAE_Quote_Request_Date;FAE_Formal_Approval_Sponsor;FAE_Formal_Approval_Median;FAE_Estimated_Date_Fix;FAE_Additional_Comments
;;;;;;;;;;;;;;;;;;;;;;;;
2024-07-02;36.0;FAE tab update;"Irelia YANG
(Project Manager I)";X;2024-06-01;95504.0;-37318.0;21- n/a;;193640.0;400470.0;01- Scope changed with CO in progress/done;;-63124.25;21- n/a;;14062.400000000023;;;;;;;
2024-06-25;35.0;FAE tab update;"Irelia YANG
(Project Manager I)";X;2024-05-01;95504.0;-37318.0;21- n/a;;193640.0;27824.0;21- n/a;;-435770.25;21- n/a;;278484.4;;signed;2023-11-28;yes;yes;2024-07-02;
2024-06-25;34.0;CFU template migration;"Irelia YANG
(Project Manager I)";X;2024-05-01;95504.0;-37318.0;21- n/a;;193640.0;27824.0;21- n/a;;-435770.25;21- n/a;;278484.4;;signed;2023-11-28;yes;yes;2024-07-02;
