Project_code;Month;Code;Amount_quantity;Quantity_forecast;Amount_revenue
HS-10296-302-JHSO-Cost_Follow_Up;2020-12-01;PM-MGT - Project management;2;1;33428.0
HS-10296-302-JHSO-Cost_Follow_Up;2021-01-01;IT-SYS - System support and maintenance;1;1;15686.5
HS-10296-302-JHSO-Cost_Follow_Up;2021-01-01;PM-MGT - Project management;3;1;33678.2
HS-10296-302-JHSO-Cost_Follow_Up;2021-02-01;IT-RSU - Reader support and maintenance;6;6;9864.0
HS-10296-302-JHSO-Cost_Follow_Up;2021-02-01;IT-SYS - System support and maintenance;1;1;15686.5
HS-10296-302-JHSO-Cost_Follow_Up;2021-02-01;PM-MGT - Project management;1;1;16714.0
HS-10296-302-JHSO-Cost_Follow_Up;2021-03-01;IT-RSU - Reader support and maintenance;6;6;9864.0
HS-10296-302-JHSO-Cost_Follow_Up;2021-03-01;IT-SYS - System support and maintenance;1;1;15686.5
HS-10296-302-JHSO-Cost_Follow_Up;2021-03-01;PM-MGT - Project management;2;1;17431.65
HS-10296-302-JHSO-Cost_Follow_Up;2021-04-01;IT-ORP - ORP support, maintenance and licenses;1;1;2397.5
HS-10296-302-JHSO-Cost_Follow_Up;2021-04-01;IT-RSU - Reader support and maintenance;6;6;9864.0
HS-10296-302-JHSO-Cost_Follow_Up;2021-04-01;IT-SYS - System support and maintenance;1;1;15686.5
HS-10296-302-JHSO-Cost_Follow_Up;2021-04-01;PM-MGT - Project management;1;1;16714.0
HS-10296-302-JHSO-Cost_Follow_Up;2021-05-01;IM-IQC - Image Quality Control;6;6;2972.9
HS-10296-302-JHSO-Cost_Follow_Up;2021-05-01;IT-RSU - Reader support and maintenance;6;6;9864.0
HS-10296-302-JHSO-Cost_Follow_Up;2021-05-01;IT-SYS - System support and maintenance;1;1;15686.5
HS-10296-302-JHSO-Cost_Follow_Up;2021-05-01;PM-MGT - Project management;2;1;16778.5
HS-10296-302-JHSO-Cost_Follow_Up;2021-06-01;IM-IQC - Image Quality Control;23;23;12309.45
HS-10296-302-JHSO-Cost_Follow_Up;2021-06-01;IT-ORP - ORP support, maintenance and licenses;1;1;2397.5
HS-10296-302-JHSO-Cost_Follow_Up;2021-06-01;IT-RSU - Reader support and maintenance;6;6;9864.0
HS-10296-302-JHSO-Cost_Follow_Up;2021-06-01;IT-SYS - System support and maintenance;1;1;15686.5
HS-10296-302-JHSO-Cost_Follow_Up;2021-06-01;PM-MGT - Project management;1;1;16714.0
HS-10296-302-JHSO-Cost_Follow_Up;2021-07-01;IM-IQC - Image Quality Control;57;57;26050.55
HS-10296-302-JHSO-Cost_Follow_Up;2021-07-01;IT-ORP - ORP support, maintenance and licenses;1;1;2397.5
HS-10296-302-JHSO-Cost_Follow_Up;2021-07-01;IT-RSU - Reader support and maintenance;6;6;9864.0
HS-10296-302-JHSO-Cost_Follow_Up;2021-07-01;IT-SYS - System support and maintenance;1;1;15686.5
HS-10296-302-JHSO-Cost_Follow_Up;2021-07-01;PM-MGT - Project management;1;1;16714.0
HS-10296-302-JHSO-Cost_Follow_Up;2021-08-01;IM-IQC - Image Quality Control;42;42;21906.3
HS-10296-302-JHSO-Cost_Follow_Up;2021-08-01;IT-ORP - ORP support, maintenance and licenses;1;1;2397.5
HS-10296-302-JHSO-Cost_Follow_Up;2021-08-01;IT-RSU - Reader support and maintenance;6;6;9864.0
HS-10296-302-JHSO-Cost_Follow_Up;2021-08-01;IT-SYS - System support and maintenance;1;1;15686.5
HS-10296-302-JHSO-Cost_Follow_Up;2021-08-01;PM-MGT - Project management;1;1;16714.0
HS-10296-302-JHSO-Cost_Follow_Up;2021-09-01;IM-IQC - Image Quality Control;77;77;38517.55
HS-10296-302-JHSO-Cost_Follow_Up;2021-09-01;IR-RMG - Reads management;89;4;30852.4
HS-10296-302-JHSO-Cost_Follow_Up;2021-09-01;IT-ORP - ORP support, maintenance and licenses;1;1;2397.5
HS-10296-302-JHSO-Cost_Follow_Up;2021-09-01;IT-RSU - Reader support and maintenance;6;6;9864.0
HS-10296-302-JHSO-Cost_Follow_Up;2021-09-01;IT-SYS - System support and maintenance;1;1;15686.5
HS-10296-302-JHSO-Cost_Follow_Up;2021-09-01;PM-MGT - Project management;1;1;16714.0
HS-10296-302-JHSO-Cost_Follow_Up;2021-10-01;IM-IQC - Image Quality Control;67;67;33380.05
HS-10296-302-JHSO-Cost_Follow_Up;2021-10-01;IR-RMG - Reads management;78;15;27173.95
HS-10296-302-JHSO-Cost_Follow_Up;2021-10-01;IT-ORP - ORP support, maintenance and licenses;1;1;2397.5
HS-10296-302-JHSO-Cost_Follow_Up;2021-10-01;IT-RSU - Reader support and maintenance;6;6;9864.0
HS-10296-302-JHSO-Cost_Follow_Up;2021-10-01;IT-SYS - System support and maintenance;1;1;15686.5
HS-10296-302-JHSO-Cost_Follow_Up;2021-10-01;PM-MGT - Project management;1;1;16714.0
HS-10296-302-JHSO-Cost_Follow_Up;2021-11-01;IM-IQC - Image Quality Control;89;89;51587.35
HS-10296-302-JHSO-Cost_Follow_Up;2021-11-01;IR-RMG - Reads management;136;46;47511.6
HS-10296-302-JHSO-Cost_Follow_Up;2021-11-01;IT-ORP - ORP support, maintenance and licenses;1;1;2397.5
HS-10296-302-JHSO-Cost_Follow_Up;2021-11-01;IT-RSU - Reader support and maintenance;6;6;9864.0
HS-10296-302-JHSO-Cost_Follow_Up;2021-11-01;IT-SYS - System support and maintenance;1;1;15686.5
HS-10296-302-JHSO-Cost_Follow_Up;2021-11-01;PM-MGT - Project management;1;1;16714.0
HS-10296-302-JHSO-Cost_Follow_Up;2021-12-01;IM-IQC - Image Quality Control;137;137;75370.55
HS-10296-302-JHSO-Cost_Follow_Up;2021-12-01;IR-RMG - Reads management;160;51;55622.0
HS-10296-302-JHSO-Cost_Follow_Up;2021-12-01;IT-ORP - ORP support, maintenance and licenses;1;1;2397.5
HS-10296-302-JHSO-Cost_Follow_Up;2021-12-01;IT-RSU - Reader support and maintenance;6;6;9864.0
HS-10296-302-JHSO-Cost_Follow_Up;2021-12-01;IT-SYS - System support and maintenance;1;1;15686.5
HS-10296-302-JHSO-Cost_Follow_Up;2021-12-01;PM-MGT - Project management;2;1;16872.6
HS-10296-302-JHSO-Cost_Follow_Up;2022-01-01;IM-IQC - Image Quality Control;149;149;82960.35
HS-10296-302-JHSO-Cost_Follow_Up;2022-01-01;IR-RMG - Reads management;209;67;72568.9
HS-10296-302-JHSO-Cost_Follow_Up;2022-01-01;IT-ORP - ORP support, maintenance and licenses;1;1;2397.5
HS-10296-302-JHSO-Cost_Follow_Up;2022-01-01;IT-RSU - Reader support and maintenance;6;6;9864.0
HS-10296-302-JHSO-Cost_Follow_Up;2022-01-01;IT-SYS - System support and maintenance;1;1;15686.5
HS-10296-302-JHSO-Cost_Follow_Up;2022-01-01;PM-MGT - Project management;2;1;16735.5
HS-10296-302-JHSO-Cost_Follow_Up;2022-02-01;IM-IQC - Image Quality Control;111;111;62122.65
HS-10296-302-JHSO-Cost_Follow_Up;2022-02-01;IR-RMG - Reads management;114;64;41202.75
HS-10296-302-JHSO-Cost_Follow_Up;2022-02-01;IT-ORP - ORP support, maintenance and licenses;1;1;2397.5
HS-10296-302-JHSO-Cost_Follow_Up;2022-02-01;IT-RSU - Reader support and maintenance;6;6;9864.0
HS-10296-302-JHSO-Cost_Follow_Up;2022-02-01;IT-SYS - System support and maintenance;1;1;15686.5
HS-10296-302-JHSO-Cost_Follow_Up;2022-02-01;PM-MGT - Project management;1;1;16714.0
HS-10296-302-JHSO-Cost_Follow_Up;2022-03-01;IM-IQC - Image Quality Control;87;87;46395.05
HS-10296-302-JHSO-Cost_Follow_Up;2022-03-01;IR-RMG - Reads management;124;109;46484.1
HS-10296-302-JHSO-Cost_Follow_Up;2022-03-01;IT-ORP - ORP support, maintenance and licenses;1;1;2397.5
HS-10296-302-JHSO-Cost_Follow_Up;2022-03-01;IT-RSU - Reader support and maintenance;6;6;9864.0
HS-10296-302-JHSO-Cost_Follow_Up;2022-03-01;IT-SYS - System support and maintenance;1;1;15686.5
HS-10296-302-JHSO-Cost_Follow_Up;2022-03-01;PM-MGT - Project management;1;1;16714.0
HS-10296-302-JHSO-Cost_Follow_Up;2022-04-01;IM-IQC - Image Quality Control;84;84;50936.6
HS-10296-302-JHSO-Cost_Follow_Up;2022-04-01;IR-RMG - Reads management;112;109;41846.65
HS-10296-302-JHSO-Cost_Follow_Up;2022-04-01;IT-ORP - ORP support, maintenance and licenses;1;1;2397.5
HS-10296-302-JHSO-Cost_Follow_Up;2022-04-01;IT-RSU - Reader support and maintenance;6;6;9864.0
HS-10296-302-JHSO-Cost_Follow_Up;2022-04-01;IT-SYS - System support and maintenance;1;1;15686.5
HS-10296-302-JHSO-Cost_Follow_Up;2022-04-01;PM-MGT - Project management;1;1;16714.0
HS-10296-302-JHSO-Cost_Follow_Up;2022-05-01;IM-IQC - Image Quality Control;75;75;48669.25
HS-10296-302-JHSO-Cost_Follow_Up;2022-05-01;IR-RMG - Reads management;130;129;48861.05
HS-10296-302-JHSO-Cost_Follow_Up;2022-05-01;IT-ORP - ORP support, maintenance and licenses;1;1;2397.5
HS-10296-302-JHSO-Cost_Follow_Up;2022-05-01;IT-RSU - Reader support and maintenance;6;6;9864.0
HS-10296-302-JHSO-Cost_Follow_Up;2022-05-01;IT-SYS - System support and maintenance;1;1;15686.5
HS-10296-302-JHSO-Cost_Follow_Up;2022-05-01;PM-MGT - Project management;1;1;16714.0
HS-10296-302-JHSO-Cost_Follow_Up;2022-06-01;IM-IQC - Image Quality Control;73;73;46216.95
HS-10296-302-JHSO-Cost_Follow_Up;2022-06-01;IR-RMG - Reads management;181;178;67842.4
HS-10296-302-JHSO-Cost_Follow_Up;2022-06-01;IT-ORP - ORP support, maintenance and licenses;1;1;2397.5
HS-10296-302-JHSO-Cost_Follow_Up;2022-06-01;IT-RSU - Reader support and maintenance;6;6;9864.0
HS-10296-302-JHSO-Cost_Follow_Up;2022-06-01;IT-SYS - System support and maintenance;1;1;15686.5
HS-10296-302-JHSO-Cost_Follow_Up;2022-06-01;PM-MGT - Project management;1;1;16714.0
HS-10296-302-JHSO-Cost_Follow_Up;2022-07-01;IM-IQC - Image Quality Control;103;103;64917.45
HS-10296-302-JHSO-Cost_Follow_Up;2022-07-01;IR-RMG - Reads management;139;137;52135.35
HS-10296-302-JHSO-Cost_Follow_Up;2022-07-01;IT-ORP - ORP support, maintenance and licenses;1;1;2397.5
HS-10296-302-JHSO-Cost_Follow_Up;2022-07-01;IT-RSU - Reader support and maintenance;6;6;9864.0
HS-10296-302-JHSO-Cost_Follow_Up;2022-07-01;IT-SYS - System support and maintenance;1;1;15686.5
HS-10296-302-JHSO-Cost_Follow_Up;2022-07-01;PM-MGT - Project management;1;1;16714.0
HS-10296-302-JHSO-Cost_Follow_Up;2022-08-01;IM-IQC - Image Quality Control;88;88;52553.2
HS-10296-302-JHSO-Cost_Follow_Up;2022-08-01;IR-RMG - Reads management;213;211;80014.85
HS-10296-302-JHSO-Cost_Follow_Up;2022-08-01;IT-ORP - ORP support, maintenance and licenses;1;1;2397.5
HS-10296-302-JHSO-Cost_Follow_Up;2022-08-01;IT-RSU - Reader support and maintenance;6;6;9864.0
HS-10296-302-JHSO-Cost_Follow_Up;2022-08-01;IT-SYS - System support and maintenance;1;1;15686.5
HS-10296-302-JHSO-Cost_Follow_Up;2022-08-01;PM-MGT - Project management;1;1;16714.0
HS-10296-302-JHSO-Cost_Follow_Up;2022-09-01;IM-IQC - Image Quality Control;50;50;29523.5
HS-10296-302-JHSO-Cost_Follow_Up;2022-09-01;IR-RMG - Reads management;197;194;73870.4
HS-10296-302-JHSO-Cost_Follow_Up;2022-09-01;IT-ORP - ORP support, maintenance and licenses;1;1;2397.5
HS-10296-302-JHSO-Cost_Follow_Up;2022-09-01;IT-RSU - Reader support and maintenance;6;6;9864.0
HS-10296-302-JHSO-Cost_Follow_Up;2022-09-01;IT-SYS - System support and maintenance;1;1;15686.5
HS-10296-302-JHSO-Cost_Follow_Up;2022-09-01;PM-MGT - Project management;1;1;16714.0
HS-10296-302-JHSO-Cost_Follow_Up;2022-10-01;IM-IQC - Image Quality Control;76;76;44963.4
HS-10296-302-JHSO-Cost_Follow_Up;2022-10-01;IR-RMG - Reads management;108;108;40689.0
HS-10296-302-JHSO-Cost_Follow_Up;2022-10-01;IT-ORP - ORP support, maintenance and licenses;1;1;2397.5
HS-10296-302-JHSO-Cost_Follow_Up;2022-10-01;IT-RSU - Reader support and maintenance;6;6;9864.0
HS-10296-302-JHSO-Cost_Follow_Up;2022-10-01;IT-SYS - System support and maintenance;1;1;15686.5
HS-10296-302-JHSO-Cost_Follow_Up;2022-10-01;PM-MGT - Project management;1;1;16714.0
HS-10296-302-JHSO-Cost_Follow_Up;2022-11-01;IM-IQC - Image Quality Control;77;77;46737.55
HS-10296-302-JHSO-Cost_Follow_Up;2022-11-01;IR-RMG - Reads management;192;191;72219.55
HS-10296-302-JHSO-Cost_Follow_Up;2022-11-01;IT-ORP - ORP support, maintenance and licenses;1;1;2397.5
HS-10296-302-JHSO-Cost_Follow_Up;2022-11-01;IT-RSU - Reader support and maintenance;6;6;9864.0
HS-10296-302-JHSO-Cost_Follow_Up;2022-11-01;IT-SYS - System support and maintenance;1;1;15686.5
HS-10296-302-JHSO-Cost_Follow_Up;2022-11-01;PM-MGT - Project management;1;1;16714.0
HS-10296-302-JHSO-Cost_Follow_Up;2022-12-01;IM-IQC - Image Quality Control;51;51;26913.65
HS-10296-302-JHSO-Cost_Follow_Up;2022-12-01;IR-RMG - Reads management;163;155;61410.25
HS-10296-302-JHSO-Cost_Follow_Up;2022-12-01;IT-ORP - ORP support, maintenance and licenses;1;1;2397.5
HS-10296-302-JHSO-Cost_Follow_Up;2022-12-01;IT-RSU - Reader support and maintenance;6;6;9864.0
HS-10296-302-JHSO-Cost_Follow_Up;2022-12-01;IT-SYS - System support and maintenance;1;1;15686.5
HS-10296-302-JHSO-Cost_Follow_Up;2022-12-01;PM-MGT - Project management;1;1;16714.0
HS-10296-302-JHSO-Cost_Follow_Up;2023-01-01;IM-IQC - Image Quality Control;84;84;50936.6
HS-10296-302-JHSO-Cost_Follow_Up;2023-01-01;IR-RMG - Reads management;449;171;161824.4
HS-10296-302-JHSO-Cost_Follow_Up;2023-01-01;IT-ORP - ORP support, maintenance and licenses;1;1;2397.5
HS-10296-302-JHSO-Cost_Follow_Up;2023-01-01;IT-RSU - Reader support and maintenance;6;6;9864.0
HS-10296-302-JHSO-Cost_Follow_Up;2023-01-01;IT-SYS - System support and maintenance;1;1;15686.5
HS-10296-302-JHSO-Cost_Follow_Up;2023-01-01;PM-MGT - Project management;1;1;16714.0
HS-10296-302-JHSO-Cost_Follow_Up;2023-02-01;IM-IQC - Image Quality Control;83;83;49162.45
HS-10296-302-JHSO-Cost_Follow_Up;2023-02-01;IR-RMG - Reads management;201;201;75028.05
HS-10296-302-JHSO-Cost_Follow_Up;2023-02-01;IT-ORP - ORP support, maintenance and licenses;1;1;2397.5
HS-10296-302-JHSO-Cost_Follow_Up;2023-02-01;IT-RSU - Reader support and maintenance;6;6;9864.0
HS-10296-302-JHSO-Cost_Follow_Up;2023-02-01;IT-SYS - System support and maintenance;1;1;15686.5
HS-10296-302-JHSO-Cost_Follow_Up;2023-02-01;PM-MGT - Project management;1;1;16714.0
HS-10296-302-JHSO-Cost_Follow_Up;2023-03-01;IM-IQC - Image Quality Control;93;93;51559.95
HS-10296-302-JHSO-Cost_Follow_Up;2023-03-01;IR-RMG - Reads management;110;129;40743.8
HS-10296-302-JHSO-Cost_Follow_Up;2023-03-01;IT-ORP - ORP support, maintenance and licenses;1;1;2397.5
HS-10296-302-JHSO-Cost_Follow_Up;2023-03-01;IT-RSU - Reader support and maintenance;6;6;9864.0
HS-10296-302-JHSO-Cost_Follow_Up;2023-03-01;IT-SYS - System support and maintenance;1;1;15686.5
HS-10296-302-JHSO-Cost_Follow_Up;2023-03-01;PM-MGT - Project management;1;1;16714.0
HS-10296-302-JHSO-Cost_Follow_Up;2023-04-01;IM-IQC - Image Quality Control;78;78;47963.7
HS-10296-302-JHSO-Cost_Follow_Up;2023-04-01;IR-RMG - Reads management;208;208;77665.3
HS-10296-302-JHSO-Cost_Follow_Up;2023-04-01;IT-ORP - ORP support, maintenance and licenses;1;1;2397.5
HS-10296-302-JHSO-Cost_Follow_Up;2023-04-01;IT-RSU - Reader support and maintenance;6;6;9864.0
HS-10296-302-JHSO-Cost_Follow_Up;2023-04-01;IT-SYS - System support and maintenance;1;1;15686.5
HS-10296-302-JHSO-Cost_Follow_Up;2023-04-01;PM-MGT - Project management;2;1;16728.25
HS-10296-302-JHSO-Cost_Follow_Up;2023-05-01;IM-IQC - Image Quality Control;60;60;40141.0
HS-10296-302-JHSO-Cost_Follow_Up;2023-05-01;IR-RMG - Reads management;111;110;41353.45
HS-10296-302-JHSO-Cost_Follow_Up;2023-05-01;IT-ORP - ORP support, maintenance and licenses;1;1;2397.5
HS-10296-302-JHSO-Cost_Follow_Up;2023-05-01;IT-RSU - Reader support and maintenance;6;6;9864.0
HS-10296-302-JHSO-Cost_Follow_Up;2023-05-01;IT-SYS - System support and maintenance;1;1;15686.5
HS-10296-302-JHSO-Cost_Follow_Up;2023-05-01;PM-MGT - Project management;1;1;16714.0
HS-10296-302-JHSO-Cost_Follow_Up;2023-06-01;IM-IQC - Image Quality Control;46;46;29550.9
HS-10296-302-JHSO-Cost_Follow_Up;2023-06-01;IR-RMG - Reads management;26;26;9096.8
HS-10296-302-JHSO-Cost_Follow_Up;2023-06-01;IT-ORP - ORP support, maintenance and licenses;1;1;2397.5
HS-10296-302-JHSO-Cost_Follow_Up;2023-06-01;IT-RSU - Reader support and maintenance;6;6;9864.0
HS-10296-302-JHSO-Cost_Follow_Up;2023-06-01;IT-SYS - System support and maintenance;1;1;15686.5
HS-10296-302-JHSO-Cost_Follow_Up;2023-06-01;PM-MGT - Project management;1;1;16714.0
HS-10296-302-JHSO-Cost_Follow_Up;2023-07-01;IM-IQC - Image Quality Control;117;117;68383.55
HS-10296-302-JHSO-Cost_Follow_Up;2023-07-01;IR-RMG - Reads management;280;280;105490.0
HS-10296-302-JHSO-Cost_Follow_Up;2023-07-01;IT-ORP - ORP support, maintenance and licenses;1;1;2397.5
HS-10296-302-JHSO-Cost_Follow_Up;2023-07-01;IT-RSU - Reader support and maintenance;6;6;9864.0
HS-10296-302-JHSO-Cost_Follow_Up;2023-07-01;IT-SYS - System support and maintenance;1;1;15686.5
HS-10296-302-JHSO-Cost_Follow_Up;2023-07-01;PM-MGT - Project management;1;1;16714.0
HS-10296-302-JHSO-Cost_Follow_Up;2023-08-01;IM-IQC - Image Quality Control;62;62;33277.3
HS-10296-302-JHSO-Cost_Follow_Up;2023-08-01;IR-RMG - Reads management;219;219;81227.3
HS-10296-302-JHSO-Cost_Follow_Up;2023-08-01;IT-ORP - ORP support, maintenance and licenses;1;1;2397.5
HS-10296-302-JHSO-Cost_Follow_Up;2023-08-01;IT-RSU - Reader support and maintenance;6;6;9864.0
HS-10296-302-JHSO-Cost_Follow_Up;2023-08-01;IT-SYS - System support and maintenance;1;1;15686.5
HS-10296-302-JHSO-Cost_Follow_Up;2023-08-01;PM-MGT - Project management;1;1;16714.0
HS-10296-302-JHSO-Cost_Follow_Up;2023-09-01;IM-IQC - Image Quality Control;59;59;33982.85
HS-10296-302-JHSO-Cost_Follow_Up;2023-09-01;IR-RMG - Reads management;120;120;43929.05
HS-10296-302-JHSO-Cost_Follow_Up;2023-09-01;IT-ORP - ORP support, maintenance and licenses;1;1;2397.5
HS-10296-302-JHSO-Cost_Follow_Up;2023-09-01;IT-RSU - Reader support and maintenance;6;6;9864.0
HS-10296-302-JHSO-Cost_Follow_Up;2023-09-01;IT-SYS - System support and maintenance;1;1;15686.5
HS-10296-302-JHSO-Cost_Follow_Up;2023-09-01;PM-MGT - Project management;1;1;16714.0
HS-10296-302-JHSO-Cost_Follow_Up;2023-10-01;IM-IQC - Image Quality Control;49;49;28297.35
HS-10296-302-JHSO-Cost_Follow_Up;2023-10-01;IR-RMG - Reads management;103;103;38223.0
HS-10296-302-JHSO-Cost_Follow_Up;2023-10-01;IT-ORP - ORP support, maintenance and licenses;1;1;2397.5
HS-10296-302-JHSO-Cost_Follow_Up;2023-10-01;IT-RSU - Reader support and maintenance;6;6;9864.0
HS-10296-302-JHSO-Cost_Follow_Up;2023-10-01;IT-SYS - System support and maintenance;1;1;15686.5
HS-10296-302-JHSO-Cost_Follow_Up;2023-10-01;PM-MGT - Project management;1;1;16714.0
HS-10296-302-JHSO-Cost_Follow_Up;2023-11-01;IM-IQC - Image Quality Control;57;57;33722.55
HS-10296-302-JHSO-Cost_Follow_Up;2023-11-01;IR-RMG - Reads management;63;63;23735.25
HS-10296-302-JHSO-Cost_Follow_Up;2023-11-01;IT-ORP - ORP support, maintenance and licenses;1;1;2397.5
HS-10296-302-JHSO-Cost_Follow_Up;2023-11-01;IT-RSU - Reader support and maintenance;6;6;9864.0
HS-10296-302-JHSO-Cost_Follow_Up;2023-11-01;IT-SYS - System support and maintenance;1;1;15686.5
HS-10296-302-JHSO-Cost_Follow_Up;2023-11-01;PM-MGT - Project management;1;1;16714.0
HS-10296-302-JHSO-Cost_Follow_Up;2023-12-01;IM-IQC - Image Quality Control;47;47;29133.05
HS-10296-302-JHSO-Cost_Follow_Up;2023-12-01;IR-RMG - Reads management;123;123;45525.1
HS-10296-302-JHSO-Cost_Follow_Up;2023-12-01;IT-ORP - ORP support, maintenance and licenses;1;1;2397.5
HS-10296-302-JHSO-Cost_Follow_Up;2023-12-01;IT-RSU - Reader support and maintenance;6;6;9864.0
HS-10296-302-JHSO-Cost_Follow_Up;2023-12-01;IT-SYS - System support and maintenance;1;1;15686.5
HS-10296-302-JHSO-Cost_Follow_Up;2023-12-01;PM-MGT - Project management;1;1;16714.0
HS-10296-302-JHSO-Cost_Follow_Up;2024-01-01;IM-IQC - Image Quality Control;61;61;31503.15
HS-10296-302-JHSO-Cost_Follow_Up;2024-01-01;IR-RMG - Reads management;111;111;41237.0
HS-10296-302-JHSO-Cost_Follow_Up;2024-01-01;IT-ORP - ORP support, maintenance and licenses;1;1;2397.5
HS-10296-302-JHSO-Cost_Follow_Up;2024-01-01;IT-RSU - Reader support and maintenance;6;6;9864.0
HS-10296-302-JHSO-Cost_Follow_Up;2024-01-01;IT-SYS - System support and maintenance;1;1;15686.5
HS-10296-302-JHSO-Cost_Follow_Up;2024-01-01;PM-MGT - Project management;1;1;16714.0
HS-10296-302-JHSO-Cost_Follow_Up;2024-02-01;IM-IQC - Image Quality Control;15;15;7980.25
HS-10296-302-JHSO-Cost_Follow_Up;2024-02-01;IR-RMG - Reads management;56;56;20399.3
HS-10296-302-JHSO-Cost_Follow_Up;2024-02-01;IT-ORP - ORP support, maintenance and licenses;1;1;2397.5
HS-10296-302-JHSO-Cost_Follow_Up;2024-02-01;IT-RSU - Reader support and maintenance;6;6;9864.0
HS-10296-302-JHSO-Cost_Follow_Up;2024-02-01;IT-SYS - System support and maintenance;1;1;15686.5
HS-10296-302-JHSO-Cost_Follow_Up;2024-02-01;PM-MGT - Project management;1;1;16714.0
HS-10296-302-JHSO-Cost_Follow_Up;2024-03-01;IM-IQC - Image Quality Control;28;28;17892.2
HS-10296-302-JHSO-Cost_Follow_Up;2024-03-01;IR-RMG - Reads management;72;72;26427.3
HS-10296-302-JHSO-Cost_Follow_Up;2024-03-01;IT-ORP - ORP support, maintenance and licenses;1;1;2397.5
HS-10296-302-JHSO-Cost_Follow_Up;2024-03-01;IT-RSU - Reader support and maintenance;6;6;9864.0
HS-10296-302-JHSO-Cost_Follow_Up;2024-03-01;IT-SYS - System support and maintenance;1;1;15686.5
HS-10296-302-JHSO-Cost_Follow_Up;2024-03-01;PM-MGT - Project management;1;1;16714.0
HS-10296-302-JHSO-Cost_Follow_Up;2024-04-01;IM-IQC - Image Quality Control;43;43;23132.45
HS-10296-302-JHSO-Cost_Follow_Up;2024-04-01;IR-RMG - Reads management;110;110;40510.9
HS-10296-302-JHSO-Cost_Follow_Up;2024-04-01;IT-ORP - ORP support, maintenance and licenses;1;1;2397.5
HS-10296-302-JHSO-Cost_Follow_Up;2024-04-01;IT-RSU - Reader support and maintenance;6;6;9864.0
HS-10296-302-JHSO-Cost_Follow_Up;2024-04-01;IT-SYS - System support and maintenance;1;1;15686.5
HS-10296-302-JHSO-Cost_Follow_Up;2024-04-01;PM-MGT - Project management;1;1;16714.0
HS-10296-302-JHSO-Cost_Follow_Up;2024-05-01;IM-IQC - Image Quality Control;36;36;18385.4
HS-10296-302-JHSO-Cost_Follow_Up;2024-05-01;IR-RMG - Reads management;158;158;59060.7
HS-10296-302-JHSO-Cost_Follow_Up;2024-05-01;IT-ORP - ORP support, maintenance and licenses;1;1;2397.5
HS-10296-302-JHSO-Cost_Follow_Up;2024-05-01;IT-RSU - Reader support and maintenance;6;6;9864.0
HS-10296-302-JHSO-Cost_Follow_Up;2024-05-01;IT-SYS - System support and maintenance;1;1;15686.5
HS-10296-302-JHSO-Cost_Follow_Up;2024-05-01;PM-MGT - Project management;1;1;16714.0
HS-10296-302-JHSO-Cost_Follow_Up;2024-06-01;IM-IQC - Image Quality Control;5;5;3390.75
HS-10296-302-JHSO-Cost_Follow_Up;2024-06-01;IR-RMG - Reads management;4;4;691.85
HS-10296-302-JHSO-Cost_Follow_Up;2024-06-01;IT-ORP - ORP support, maintenance and licenses;1;1;2397.5
HS-10296-302-JHSO-Cost_Follow_Up;2024-06-01;IT-RSU - Reader support and maintenance;6;6;9864.0
HS-10296-302-JHSO-Cost_Follow_Up;2024-06-01;IT-SYS - System support and maintenance;1;1;15686.5
HS-10296-302-JHSO-Cost_Follow_Up;2024-06-01;PM-MGT - Project management;1;1;16714.0
HS-10296-302-JHSO-Cost_Follow_Up;2024-07-01;IM-IQC - Image Quality Control;6;6;3520.9
HS-10296-302-JHSO-Cost_Follow_Up;2024-07-01;IR-RMG - Reads management;10;10;3767.5
HS-10296-302-JHSO-Cost_Follow_Up;2024-07-01;IT-ORP - ORP support, maintenance and licenses;1;1;2397.5
HS-10296-302-JHSO-Cost_Follow_Up;2024-07-01;IT-RSU - Reader support and maintenance;6;6;9864.0
HS-10296-302-JHSO-Cost_Follow_Up;2024-07-01;IT-SYS - System support and maintenance;1;1;15686.5
HS-10296-302-JHSO-Cost_Follow_Up;2024-07-01;PM-MGT - Project management;1;1;16714.0
HS-10296-302-JHSO-Cost_Follow_Up;2024-08-01;IM-IQC - Image Quality Control;17;17;10432.55
HS-10296-302-JHSO-Cost_Follow_Up;2024-08-01;IR-RMG - Reads management;30;30;11302.5
HS-10296-302-JHSO-Cost_Follow_Up;2024-08-01;IT-ORP - ORP support, maintenance and licenses;1;1;2397.5
HS-10296-302-JHSO-Cost_Follow_Up;2024-08-01;IT-RSU - Reader support and maintenance;6;6;9864.0
HS-10296-302-JHSO-Cost_Follow_Up;2024-08-01;IT-SYS - System support and maintenance;1;1;15686.5
HS-10296-302-JHSO-Cost_Follow_Up;2024-08-01;PM-MGT - Project management;1;1;16714.0
HS-10296-302-JHSO-Cost_Follow_Up;2024-09-01;IM-IQC - Image Quality Control;17;17;10432.55
HS-10296-302-JHSO-Cost_Follow_Up;2024-09-01;IR-RMG - Reads management;30;30;11302.5
HS-10296-302-JHSO-Cost_Follow_Up;2024-09-01;IT-ORP - ORP support, maintenance and licenses;1;1;2397.5
HS-10296-302-JHSO-Cost_Follow_Up;2024-09-01;IT-RSU - Reader support and maintenance;6;6;9864.0
HS-10296-302-JHSO-Cost_Follow_Up;2024-09-01;IT-SYS - System support and maintenance;1;1;15686.5
HS-10296-302-JHSO-Cost_Follow_Up;2024-09-01;PM-MGT - Project management;1;1;16714.0
HS-10296-302-JHSO-Cost_Follow_Up;2024-10-01;IM-IQC - Image Quality Control;12;12;7041.8
HS-10296-302-JHSO-Cost_Follow_Up;2024-10-01;IR-RMG - Reads management;20;20;7535.0
HS-10296-302-JHSO-Cost_Follow_Up;2024-10-01;IT-ORP - ORP support, maintenance and licenses;1;1;2397.5
HS-10296-302-JHSO-Cost_Follow_Up;2024-10-01;IT-RSU - Reader support and maintenance;6;6;9864.0
HS-10296-302-JHSO-Cost_Follow_Up;2024-10-01;IT-SYS - System support and maintenance;1;1;15686.5
HS-10296-302-JHSO-Cost_Follow_Up;2024-10-01;PM-MGT - Project management;1;1;16714.0
HS-10296-302-JHSO-Cost_Follow_Up;2024-11-01;IM-IQC - Image Quality Control;12;12;7041.8
HS-10296-302-JHSO-Cost_Follow_Up;2024-11-01;IR-RMG - Reads management;20;20;7535.0
HS-10296-302-JHSO-Cost_Follow_Up;2024-11-01;IT-ORP - ORP support, maintenance and licenses;1;1;2397.5
HS-10296-302-JHSO-Cost_Follow_Up;2024-11-01;IT-RSU - Reader support and maintenance;6;6;9864.0
HS-10296-302-JHSO-Cost_Follow_Up;2024-11-01;IT-SYS - System support and maintenance;1;1;15686.5
HS-10296-302-JHSO-Cost_Follow_Up;2024-11-01;PM-MGT - Project management;1;1;16714.0
HS-10296-302-JHSO-Cost_Follow_Up;2024-12-01;IM-IQC - Image Quality Control;12;12;7041.8
HS-10296-302-JHSO-Cost_Follow_Up;2024-12-01;IR-RMG - Reads management;20;20;7535.0
HS-10296-302-JHSO-Cost_Follow_Up;2024-12-01;IT-ORP - ORP support, maintenance and licenses;1;1;2397.5
HS-10296-302-JHSO-Cost_Follow_Up;2024-12-01;IT-RSU - Reader support and maintenance;6;6;9864.0
HS-10296-302-JHSO-Cost_Follow_Up;2024-12-01;IT-SYS - System support and maintenance;1;1;15686.5
HS-10296-302-JHSO-Cost_Follow_Up;2024-12-01;PM-MGT - Project management;1;1;16714.0
