Project_code;Month;Code;Amount_quantity;Quantity_forecast;Amount_revenue
HS-10296-302-JHSO-Cost_Follow_Up;2020-12-01;PM-MGT - Project management;2.0;1;33428.0
HS-10296-302-JHSO-Cost_Follow_Up;2020-12-01;SP-ISC - Image system configuration;2.0;0;77747.5
HS-10296-302-JHSO-Cost_Follow_Up;2020-12-01;SP-STA - Study startup services;4.0;0;53841.0
HS-10296-302-JHSO-Cost_Follow_Up;2021-01-01;IT-SYS - System support and maintenance;1.0;1;15686.5
HS-10296-302-JHSO-Cost_Follow_Up;2021-01-01;PM-CSC - Scientific consulting;2.0;0;4247.0
HS-10296-302-JHSO-Cost_Follow_Up;2021-01-01;PM-MGT - Project management;3.0;1;33678.2
HS-10296-302-JHSO-Cost_Follow_Up;2021-01-01;SP-DMD - Data management documentation;1.0;0;34935.0
HS-10296-302-JHSO-Cost_Follow_Up;2021-01-01;SP-SMD - Site management documentation;1.0;0;14659.0
HS-10296-302-JHSO-Cost_Follow_Up;2021-01-01;SP-STA - Study startup services;1.0;0;5004.0
HS-10296-302-JHSO-Cost_Follow_Up;2021-02-01;IT-RSU - Reader support and maintenance;6.0;6;9864.0
HS-10296-302-JHSO-Cost_Follow_Up;2021-02-01;IT-SYS - System support and maintenance;1.0;1;15686.5
HS-10296-302-JHSO-Cost_Follow_Up;2021-02-01;PM-MGT - Project management;1.0;1;16714.0
HS-10296-302-JHSO-Cost_Follow_Up;2021-02-01;SP-IRC - Imaging review charter;1.0;0;38086.0
HS-10296-302-JHSO-Cost_Follow_Up;2021-02-01;SP-IRT - Reader selection and training;6.0;0;50142.0
HS-10296-302-JHSO-Cost_Follow_Up;2021-02-01;SP-RSC - Read system configuration;1.0;0;79254.5
HS-10296-302-JHSO-Cost_Follow_Up;2021-03-01;IT-RSU - Reader support and maintenance;6.0;6;9864.0
HS-10296-302-JHSO-Cost_Follow_Up;2021-03-01;IT-SYS - System support and maintenance;1.0;1;15686.5
HS-10296-302-JHSO-Cost_Follow_Up;2021-03-01;PM-MGT - Project management;2.0;1;17431.65
HS-10296-302-JHSO-Cost_Follow_Up;2021-03-01;SP-SMI - Site initiation;2.0;0;6987.0
HS-10296-302-JHSO-Cost_Follow_Up;2021-03-01;SP-STA - Study startup services;1.0;0;14353.0
HS-10296-302-JHSO-Cost_Follow_Up;2021-04-01;IT-ORP - ORP support, maintenance and licenses;1.0;1;2397.5
HS-10296-302-JHSO-Cost_Follow_Up;2021-04-01;IT-RSU - Reader support and maintenance;6.0;6;9864.0
HS-10296-302-JHSO-Cost_Follow_Up;2021-04-01;IT-SYS - System support and maintenance;1.0;1;15686.5
HS-10296-302-JHSO-Cost_Follow_Up;2021-04-01;PM-MGT - Project management;1.0;1;16714.0
HS-10296-302-JHSO-Cost_Follow_Up;2021-04-01;SP-ORP - ORP setup;1.0;0;16166.0
HS-10296-302-JHSO-Cost_Follow_Up;2021-04-01;SP-SMI - Site initiation;2.0;0;6987.0
HS-10296-302-JHSO-Cost_Follow_Up;2021-05-01;IM-IQC - Image Quality Control;6.0;6;2972.9
HS-10296-302-JHSO-Cost_Follow_Up;2021-05-01;IR-RMG - Reads management;4.0;0;1274.1
HS-10296-302-JHSO-Cost_Follow_Up;2021-05-01;IT-RSU - Reader support and maintenance;6.0;6;9864.0
HS-10296-302-JHSO-Cost_Follow_Up;2021-05-01;IT-SYS - System support and maintenance;1.0;1;15686.5
HS-10296-302-JHSO-Cost_Follow_Up;2021-05-01;PM-MGT - Project management;2.0;1;16778.5
HS-10296-302-JHSO-Cost_Follow_Up;2021-05-01;SP-SMI - Site initiation;16.0;0;55896.0
HS-10296-302-JHSO-Cost_Follow_Up;2021-05-01;SP-STA - Study startup services;1.0;0;1290.0
HS-10296-302-JHSO-Cost_Follow_Up;2021-06-01;IM-IQC - Image Quality Control;23.0;23;12309.45
HS-10296-302-JHSO-Cost_Follow_Up;2021-06-01;IR-RMG - Reads management;16.0;0;5096.4
HS-10296-302-JHSO-Cost_Follow_Up;2021-06-01;IT-ORP - ORP support, maintenance and licenses;1.0;1;2397.5
HS-10296-302-JHSO-Cost_Follow_Up;2021-06-01;IT-RSU - Reader support and maintenance;6.0;6;9864.0
HS-10296-302-JHSO-Cost_Follow_Up;2021-06-01;IT-SYS - System support and maintenance;1.0;1;15686.5
HS-10296-302-JHSO-Cost_Follow_Up;2021-06-01;PM-MGT - Project management;1.0;1;16714.0
HS-10296-302-JHSO-Cost_Follow_Up;2021-06-01;SP-SMI - Site initiation;11.0;0;38428.5
HS-10296-302-JHSO-Cost_Follow_Up;2021-07-01;IM-IQC - Image Quality Control;57.0;57;26050.55
HS-10296-302-JHSO-Cost_Follow_Up;2021-07-01;IR-RMG - Reads management;40.0;0;12741.0
HS-10296-302-JHSO-Cost_Follow_Up;2021-07-01;IT-ORP - ORP support, maintenance and licenses;1.0;1;2397.5
HS-10296-302-JHSO-Cost_Follow_Up;2021-07-01;IT-RSU - Reader support and maintenance;6.0;6;9864.0
HS-10296-302-JHSO-Cost_Follow_Up;2021-07-01;IT-SYS - System support and maintenance;1.0;1;15686.5
HS-10296-302-JHSO-Cost_Follow_Up;2021-07-01;PM-MGT - Project management;1.0;1;16714.0
HS-10296-302-JHSO-Cost_Follow_Up;2021-07-01;SP-SMI - Site initiation;10.0;0;34935.0
HS-10296-302-JHSO-Cost_Follow_Up;2021-08-01;IM-IQC - Image Quality Control;42.0;42;21906.3
HS-10296-302-JHSO-Cost_Follow_Up;2021-08-01;IR-RMG - Reads management;36.0;0;11466.9
HS-10296-302-JHSO-Cost_Follow_Up;2021-08-01;IT-ORP - ORP support, maintenance and licenses;1.0;1;2397.5
HS-10296-302-JHSO-Cost_Follow_Up;2021-08-01;IT-RSU - Reader support and maintenance;6.0;6;9864.0
HS-10296-302-JHSO-Cost_Follow_Up;2021-08-01;IT-SYS - System support and maintenance;1.0;1;15686.5
HS-10296-302-JHSO-Cost_Follow_Up;2021-08-01;PM-MGT - Project management;1.0;1;16714.0
HS-10296-302-JHSO-Cost_Follow_Up;2021-08-01;SP-SMI - Site initiation;2.0;0;6987.0
HS-10296-302-JHSO-Cost_Follow_Up;2021-09-01;IM-IQC - Image Quality Control;77.0;77;38517.55
HS-10296-302-JHSO-Cost_Follow_Up;2021-09-01;IR-RMG - Reads management;89.0;4;30852.4
HS-10296-302-JHSO-Cost_Follow_Up;2021-09-01;IT-ORP - ORP support, maintenance and licenses;1.0;1;2397.5
HS-10296-302-JHSO-Cost_Follow_Up;2021-09-01;IT-RSU - Reader support and maintenance;6.0;6;9864.0
HS-10296-302-JHSO-Cost_Follow_Up;2021-09-01;IT-SYS - System support and maintenance;1.0;1;15686.5
HS-10296-302-JHSO-Cost_Follow_Up;2021-09-01;PM-CSC - Scientific consulting;1.0;0;2123.5
HS-10296-302-JHSO-Cost_Follow_Up;2021-09-01;PM-MGT - Project management;1.0;1;16714.0
HS-10296-302-JHSO-Cost_Follow_Up;2021-09-01;SP-DMS - Data management program set-up;1.0;0;82885.0
HS-10296-302-JHSO-Cost_Follow_Up;2021-09-01;SP-IRC - Imaging review charter;1.0;0;3808.6
HS-10296-302-JHSO-Cost_Follow_Up;2021-09-01;SP-ISC - Image system configuration;1.0;0;8946.1
HS-10296-302-JHSO-Cost_Follow_Up;2021-09-01;SP-RSC - Read system configuration;1.0;0;7925.45
HS-10296-302-JHSO-Cost_Follow_Up;2021-09-01;SP-SMD - Site management documentation;1.0;0;1726.2
HS-10296-302-JHSO-Cost_Follow_Up;2021-09-01;SP-SMI - Site initiation;2.0;0;6987.0
HS-10296-302-JHSO-Cost_Follow_Up;2021-10-01;IM-IQC - Image Quality Control;67.0;67;33380.05
HS-10296-302-JHSO-Cost_Follow_Up;2021-10-01;IR-RMG - Reads management;78.0;15;27173.95
HS-10296-302-JHSO-Cost_Follow_Up;2021-10-01;IT-ORP - ORP support, maintenance and licenses;1.0;1;2397.5
HS-10296-302-JHSO-Cost_Follow_Up;2021-10-01;IT-RSU - Reader support and maintenance;6.0;6;9864.0
HS-10296-302-JHSO-Cost_Follow_Up;2021-10-01;IT-SYS - System support and maintenance;1.0;1;15686.5
HS-10296-302-JHSO-Cost_Follow_Up;2021-10-01;PM-CSC - Scientific consulting;1.0;0;2123.5
HS-10296-302-JHSO-Cost_Follow_Up;2021-10-01;PM-MGT - Project management;1.0;1;16714.0
HS-10296-302-JHSO-Cost_Follow_Up;2021-10-01;SP-SMI - Site initiation;1.0;0;3493.5
HS-10296-302-JHSO-Cost_Follow_Up;2021-11-01;IM-IQC - Image Quality Control;89.0;89;51587.35
HS-10296-302-JHSO-Cost_Follow_Up;2021-11-01;IR-RMG - Reads management;136.0;46;47511.6
HS-10296-302-JHSO-Cost_Follow_Up;2021-11-01;IT-ORP - ORP support, maintenance and licenses;1.0;1;2397.5
HS-10296-302-JHSO-Cost_Follow_Up;2021-11-01;IT-RSU - Reader support and maintenance;6.0;6;9864.0
HS-10296-302-JHSO-Cost_Follow_Up;2021-11-01;IT-SYS - System support and maintenance;1.0;1;15686.5
HS-10296-302-JHSO-Cost_Follow_Up;2021-11-01;PM-MGT - Project management;1.0;1;16714.0
HS-10296-302-JHSO-Cost_Follow_Up;2021-11-01;SP-SMI - Site initiation;2.0;0;6987.0
HS-10296-302-JHSO-Cost_Follow_Up;2021-12-01;DM-SDT - Standard data transfer;1.0;0;5069.0
HS-10296-302-JHSO-Cost_Follow_Up;2021-12-01;IM-IQC - Image Quality Control;137.0;137;75370.55
HS-10296-302-JHSO-Cost_Follow_Up;2021-12-01;IR-RMG - Reads management;160.0;51;55622.0
HS-10296-302-JHSO-Cost_Follow_Up;2021-12-01;IT-ORP - ORP support, maintenance and licenses;1.0;1;2397.5
HS-10296-302-JHSO-Cost_Follow_Up;2021-12-01;IT-RSU - Reader support and maintenance;6.0;6;9864.0
HS-10296-302-JHSO-Cost_Follow_Up;2021-12-01;IT-SYS - System support and maintenance;1.0;1;15686.5
HS-10296-302-JHSO-Cost_Follow_Up;2021-12-01;PM-CSC - Scientific consulting;1.0;0;2123.5
HS-10296-302-JHSO-Cost_Follow_Up;2021-12-01;PM-MGT - Project management;2.0;1;16872.6
HS-10296-302-JHSO-Cost_Follow_Up;2021-12-01;SP-STA - Study startup services;1.0;0;3172.0
HS-10296-302-JHSO-Cost_Follow_Up;2022-01-01;IM-IQC - Image Quality Control;149.0;149;82960.35
HS-10296-302-JHSO-Cost_Follow_Up;2022-01-01;IR-RMG - Reads management;209.0;67;72568.9
HS-10296-302-JHSO-Cost_Follow_Up;2022-01-01;IT-ORP - ORP support, maintenance and licenses;1.0;1;2397.5
HS-10296-302-JHSO-Cost_Follow_Up;2022-01-01;IT-RSU - Reader support and maintenance;6.0;6;9864.0
HS-10296-302-JHSO-Cost_Follow_Up;2022-01-01;IT-SYS - System support and maintenance;1.0;1;15686.5
HS-10296-302-JHSO-Cost_Follow_Up;2022-01-01;PM-MGT - Project management;2.0;1;16735.5
HS-10296-302-JHSO-Cost_Follow_Up;2022-01-01;SP-SMI - Site initiation;1.0;0;3493.5
HS-10296-302-JHSO-Cost_Follow_Up;2022-01-01;SP-STA - Study startup services;1.0;0;430.0
HS-10296-302-JHSO-Cost_Follow_Up;2022-02-01;IM-IQC - Image Quality Control;111.0;111;62122.65
HS-10296-302-JHSO-Cost_Follow_Up;2022-02-01;IR-RMG - Reads management;114.0;64;41202.75
HS-10296-302-JHSO-Cost_Follow_Up;2022-02-01;IT-ORP - ORP support, maintenance and licenses;1.0;1;2397.5
HS-10296-302-JHSO-Cost_Follow_Up;2022-02-01;IT-RSU - Reader support and maintenance;6.0;6;9864.0
HS-10296-302-JHSO-Cost_Follow_Up;2022-02-01;IT-SYS - System support and maintenance;1.0;1;15686.5
HS-10296-302-JHSO-Cost_Follow_Up;2022-02-01;PM-MGT - Project management;1.0;1;16714.0
HS-10296-302-JHSO-Cost_Follow_Up;2022-03-01;DM-SDT - Standard data transfer;1.0;0;5069.0
HS-10296-302-JHSO-Cost_Follow_Up;2022-03-01;IM-IQC - Image Quality Control;87.0;87;46395.05
HS-10296-302-JHSO-Cost_Follow_Up;2022-03-01;IR-RMG - Reads management;124.0;109;46484.1
HS-10296-302-JHSO-Cost_Follow_Up;2022-03-01;IT-ORP - ORP support, maintenance and licenses;1.0;1;2397.5
HS-10296-302-JHSO-Cost_Follow_Up;2022-03-01;IT-RSU - Reader support and maintenance;6.0;6;9864.0
HS-10296-302-JHSO-Cost_Follow_Up;2022-03-01;IT-SYS - System support and maintenance;1.0;1;15686.5
HS-10296-302-JHSO-Cost_Follow_Up;2022-03-01;PM-MGT - Project management;1.0;1;16714.0
HS-10296-302-JHSO-Cost_Follow_Up;2022-04-01;IM-IQC - Image Quality Control;84.0;84;50936.6
HS-10296-302-JHSO-Cost_Follow_Up;2022-04-01;IR-RMG - Reads management;112.0;109;41846.65
HS-10296-302-JHSO-Cost_Follow_Up;2022-04-01;IT-ORP - ORP support, maintenance and licenses;1.0;1;2397.5
HS-10296-302-JHSO-Cost_Follow_Up;2022-04-01;IT-RSU - Reader support and maintenance;6.0;6;9864.0
HS-10296-302-JHSO-Cost_Follow_Up;2022-04-01;IT-SYS - System support and maintenance;1.0;1;15686.5
HS-10296-302-JHSO-Cost_Follow_Up;2022-04-01;PM-MGT - Project management;1.0;1;16714.0
HS-10296-302-JHSO-Cost_Follow_Up;2022-05-01;IM-IQC - Image Quality Control;75.0;75;48669.25
HS-10296-302-JHSO-Cost_Follow_Up;2022-05-01;IR-RMG - Reads management;130.0;129;48861.05
HS-10296-302-JHSO-Cost_Follow_Up;2022-05-01;IT-ORP - ORP support, maintenance and licenses;1.0;1;2397.5
HS-10296-302-JHSO-Cost_Follow_Up;2022-05-01;IT-RSU - Reader support and maintenance;6.0;6;9864.0
HS-10296-302-JHSO-Cost_Follow_Up;2022-05-01;IT-SYS - System support and maintenance;1.0;1;15686.5
HS-10296-302-JHSO-Cost_Follow_Up;2022-05-01;PM-MGT - Project management;1.0;1;16714.0
HS-10296-302-JHSO-Cost_Follow_Up;2022-06-01;DM-SDT - Standard data transfer;1.0;0;5069.0
HS-10296-302-JHSO-Cost_Follow_Up;2022-06-01;IM-IQC - Image Quality Control;73.0;73;46216.95
HS-10296-302-JHSO-Cost_Follow_Up;2022-06-01;IR-RMG - Reads management;181.0;178;67842.4
HS-10296-302-JHSO-Cost_Follow_Up;2022-06-01;IT-ORP - ORP support, maintenance and licenses;1.0;1;2397.5
HS-10296-302-JHSO-Cost_Follow_Up;2022-06-01;IT-RSU - Reader support and maintenance;6.0;6;9864.0
HS-10296-302-JHSO-Cost_Follow_Up;2022-06-01;IT-SYS - System support and maintenance;1.0;1;15686.5
HS-10296-302-JHSO-Cost_Follow_Up;2022-06-01;PM-MGT - Project management;1.0;1;16714.0
HS-10296-302-JHSO-Cost_Follow_Up;2022-07-01;IM-IQC - Image Quality Control;103.0;103;64917.45
HS-10296-302-JHSO-Cost_Follow_Up;2022-07-01;IR-MCO - Reads monitoring;1.0;0;4589.5
HS-10296-302-JHSO-Cost_Follow_Up;2022-07-01;IR-RMG - Reads management;139.0;137;52135.35
HS-10296-302-JHSO-Cost_Follow_Up;2022-07-01;IT-ORP - ORP support, maintenance and licenses;1.0;1;2397.5
HS-10296-302-JHSO-Cost_Follow_Up;2022-07-01;IT-RSU - Reader support and maintenance;6.0;6;9864.0
HS-10296-302-JHSO-Cost_Follow_Up;2022-07-01;IT-SYS - System support and maintenance;1.0;1;15686.5
HS-10296-302-JHSO-Cost_Follow_Up;2022-07-01;PM-MGT - Project management;1.0;1;16714.0
HS-10296-302-JHSO-Cost_Follow_Up;2022-08-01;DM-SDT - Standard data transfer;1.0;0;5069.0
HS-10296-302-JHSO-Cost_Follow_Up;2022-08-01;IM-IQC - Image Quality Control;88.0;88;52553.2
HS-10296-302-JHSO-Cost_Follow_Up;2022-08-01;IR-RMG - Reads management;213.0;211;80014.85
HS-10296-302-JHSO-Cost_Follow_Up;2022-08-01;IT-ORP - ORP support, maintenance and licenses;1.0;1;2397.5
HS-10296-302-JHSO-Cost_Follow_Up;2022-08-01;IT-RSU - Reader support and maintenance;6.0;6;9864.0
HS-10296-302-JHSO-Cost_Follow_Up;2022-08-01;IT-SYS - System support and maintenance;1.0;1;15686.5
HS-10296-302-JHSO-Cost_Follow_Up;2022-08-01;PM-MGT - Project management;1.0;1;16714.0
HS-10296-302-JHSO-Cost_Follow_Up;2022-09-01;DM-SDT - Standard data transfer;1.0;0;5069.0
HS-10296-302-JHSO-Cost_Follow_Up;2022-09-01;IM-IQC - Image Quality Control;50.0;50;29523.5
HS-10296-302-JHSO-Cost_Follow_Up;2022-09-01;IR-RMG - Reads management;197.0;194;73870.4
HS-10296-302-JHSO-Cost_Follow_Up;2022-09-01;IT-ORP - ORP support, maintenance and licenses;1.0;1;2397.5
HS-10296-302-JHSO-Cost_Follow_Up;2022-09-01;IT-RSU - Reader support and maintenance;6.0;6;9864.0
HS-10296-302-JHSO-Cost_Follow_Up;2022-09-01;IT-SYS - System support and maintenance;1.0;1;15686.5
HS-10296-302-JHSO-Cost_Follow_Up;2022-09-01;PM-MGT - Project management;1.0;1;16714.0
HS-10296-302-JHSO-Cost_Follow_Up;2022-10-01;IM-IQC - Image Quality Control;76.0;76;44963.4
HS-10296-302-JHSO-Cost_Follow_Up;2022-10-01;IR-RMG - Reads management;108.0;108;40689.0
HS-10296-302-JHSO-Cost_Follow_Up;2022-10-01;IT-ORP - ORP support, maintenance and licenses;1.0;1;2397.5
HS-10296-302-JHSO-Cost_Follow_Up;2022-10-01;IT-RSU - Reader support and maintenance;6.0;6;9864.0
HS-10296-302-JHSO-Cost_Follow_Up;2022-10-01;IT-SYS - System support and maintenance;1.0;1;15686.5
HS-10296-302-JHSO-Cost_Follow_Up;2022-10-01;PM-MGT - Project management;1.0;1;16714.0
HS-10296-302-JHSO-Cost_Follow_Up;2022-11-01;IM-IQC - Image Quality Control;77.0;77;46737.55
HS-10296-302-JHSO-Cost_Follow_Up;2022-11-01;IR-RMG - Reads management;192.0;191;72219.55
HS-10296-302-JHSO-Cost_Follow_Up;2022-11-01;IT-ORP - ORP support, maintenance and licenses;1.0;1;2397.5
HS-10296-302-JHSO-Cost_Follow_Up;2022-11-01;IT-RSU - Reader support and maintenance;6.0;6;9864.0
HS-10296-302-JHSO-Cost_Follow_Up;2022-11-01;IT-SYS - System support and maintenance;1.0;1;15686.5
HS-10296-302-JHSO-Cost_Follow_Up;2022-11-01;PM-CSC - Scientific consulting;1.0;0;2123.5
HS-10296-302-JHSO-Cost_Follow_Up;2022-11-01;PM-MGT - Project management;1.0;1;16714.0
HS-10296-302-JHSO-Cost_Follow_Up;2022-12-01;DM-SDT - Standard data transfer;1.0;0;5069.0
HS-10296-302-JHSO-Cost_Follow_Up;2022-12-01;IM-IQC - Image Quality Control;51.0;51;26913.65
HS-10296-302-JHSO-Cost_Follow_Up;2022-12-01;IR-MCO - Reads monitoring;1.0;0;4589.5
HS-10296-302-JHSO-Cost_Follow_Up;2022-12-01;IR-RMG - Reads management;163.0;155;61410.25
HS-10296-302-JHSO-Cost_Follow_Up;2022-12-01;IT-ORP - ORP support, maintenance and licenses;1.0;1;2397.5
HS-10296-302-JHSO-Cost_Follow_Up;2022-12-01;IT-RSU - Reader support and maintenance;6.0;6;9864.0
HS-10296-302-JHSO-Cost_Follow_Up;2022-12-01;IT-SYS - System support and maintenance;1.0;1;15686.5
HS-10296-302-JHSO-Cost_Follow_Up;2022-12-01;PM-MGT - Project management;1.0;1;16714.0
HS-10296-302-JHSO-Cost_Follow_Up;2023-01-01;IM-IQC - Image Quality Control;84.0;84;50936.6
HS-10296-302-JHSO-Cost_Follow_Up;2023-01-01;IR-RMG - Reads management;449.0;171;161824.4
HS-10296-302-JHSO-Cost_Follow_Up;2023-01-01;IT-ORP - ORP support, maintenance and licenses;1.0;1;2397.5
HS-10296-302-JHSO-Cost_Follow_Up;2023-01-01;IT-RSU - Reader support and maintenance;6.0;6;9864.0
HS-10296-302-JHSO-Cost_Follow_Up;2023-01-01;IT-SYS - System support and maintenance;1.0;1;15686.5
HS-10296-302-JHSO-Cost_Follow_Up;2023-01-01;PM-MGT - Project management;1.0;1;16714.0
HS-10296-302-JHSO-Cost_Follow_Up;2023-01-01;SP-IRC - Imaging review charter;1.0;0;3808.6
HS-10296-302-JHSO-Cost_Follow_Up;2023-01-01;SP-STA - Study startup services;1.0;0;1726.2
HS-10296-302-JHSO-Cost_Follow_Up;2023-02-01;IM-IQC - Image Quality Control;83.0;83;49162.45
HS-10296-302-JHSO-Cost_Follow_Up;2023-02-01;IR-RMG - Reads management;201.0;201;75028.05
HS-10296-302-JHSO-Cost_Follow_Up;2023-02-01;IT-ORP - ORP support, maintenance and licenses;1.0;1;2397.5
HS-10296-302-JHSO-Cost_Follow_Up;2023-02-01;IT-RSU - Reader support and maintenance;6.0;6;9864.0
HS-10296-302-JHSO-Cost_Follow_Up;2023-02-01;IT-SYS - System support and maintenance;1.0;1;15686.5
HS-10296-302-JHSO-Cost_Follow_Up;2023-02-01;PM-MGT - Project management;1.0;1;16714.0
HS-10296-302-JHSO-Cost_Follow_Up;2023-03-01;DM-SDT - Standard data transfer;1.0;0;5069.0
HS-10296-302-JHSO-Cost_Follow_Up;2023-03-01;IM-IQC - Image Quality Control;93.0;93;51559.95
HS-10296-302-JHSO-Cost_Follow_Up;2023-03-01;IR-MCO - Reads monitoring;1.0;0;4589.5
HS-10296-302-JHSO-Cost_Follow_Up;2023-03-01;IR-RMG - Reads management;110.0;129;40743.8
HS-10296-302-JHSO-Cost_Follow_Up;2023-03-01;IT-ORP - ORP support, maintenance and licenses;1.0;1;2397.5
HS-10296-302-JHSO-Cost_Follow_Up;2023-03-01;IT-RSU - Reader support and maintenance;6.0;6;9864.0
HS-10296-302-JHSO-Cost_Follow_Up;2023-03-01;IT-SYS - System support and maintenance;1.0;1;15686.5
HS-10296-302-JHSO-Cost_Follow_Up;2023-03-01;PM-MGT - Project management;1.0;1;16714.0
HS-10296-302-JHSO-Cost_Follow_Up;2023-04-01;IM-IQC - Image Quality Control;78.0;78;47963.7
HS-10296-302-JHSO-Cost_Follow_Up;2023-04-01;IR-RMG - Reads management;208.0;208;77665.3
HS-10296-302-JHSO-Cost_Follow_Up;2023-04-01;IT-ORP - ORP support, maintenance and licenses;1.0;1;2397.5
HS-10296-302-JHSO-Cost_Follow_Up;2023-04-01;IT-RSU - Reader support and maintenance;6.0;6;9864.0
HS-10296-302-JHSO-Cost_Follow_Up;2023-04-01;IT-SYS - System support and maintenance;1.0;1;15686.5
HS-10296-302-JHSO-Cost_Follow_Up;2023-04-01;PM-CSC - Scientific consulting;1.5;0;3185.25
HS-10296-302-JHSO-Cost_Follow_Up;2023-04-01;PM-MGT - Project management;2.0;1;16728.25
HS-10296-302-JHSO-Cost_Follow_Up;2023-04-01;SP-STA - Study startup services;1.0;0;285.0
HS-10296-302-JHSO-Cost_Follow_Up;2023-05-01;IM-IQC - Image Quality Control;60.0;60;40141.0
HS-10296-302-JHSO-Cost_Follow_Up;2023-05-01;IR-RMG - Reads management;111.0;110;41353.45
HS-10296-302-JHSO-Cost_Follow_Up;2023-05-01;IT-ORP - ORP support, maintenance and licenses;1.0;1;2397.5
HS-10296-302-JHSO-Cost_Follow_Up;2023-05-01;IT-RSU - Reader support and maintenance;6.0;6;9864.0
HS-10296-302-JHSO-Cost_Follow_Up;2023-05-01;IT-SYS - System support and maintenance;1.0;1;15686.5
HS-10296-302-JHSO-Cost_Follow_Up;2023-05-01;PM-MGT - Project management;1.0;1;16714.0
HS-10296-302-JHSO-Cost_Follow_Up;2023-06-01;IM-IQC - Image Quality Control;46.0;46;29550.9
HS-10296-302-JHSO-Cost_Follow_Up;2023-06-01;IR-RMG - Reads management;26.0;26;9096.8
HS-10296-302-JHSO-Cost_Follow_Up;2023-06-01;IT-ORP - ORP support, maintenance and licenses;1.0;1;2397.5
HS-10296-302-JHSO-Cost_Follow_Up;2023-06-01;IT-RSU - Reader support and maintenance;6.0;6;9864.0
HS-10296-302-JHSO-Cost_Follow_Up;2023-06-01;IT-SYS - System support and maintenance;1.0;1;15686.5
HS-10296-302-JHSO-Cost_Follow_Up;2023-06-01;PM-MGT - Project management;1.0;1;16714.0
HS-10296-302-JHSO-Cost_Follow_Up;2023-07-01;DM-SDT - Standard data transfer;2.0;0;10138.0
HS-10296-302-JHSO-Cost_Follow_Up;2023-07-01;IM-IQC - Image Quality Control;117.0;117;68383.55
HS-10296-302-JHSO-Cost_Follow_Up;2023-07-01;IR-RMG - Reads management;280.0;280;105490.0
HS-10296-302-JHSO-Cost_Follow_Up;2023-07-01;IT-ORP - ORP support, maintenance and licenses;1.0;1;2397.5
HS-10296-302-JHSO-Cost_Follow_Up;2023-07-01;IT-RSU - Reader support and maintenance;6.0;6;9864.0
HS-10296-302-JHSO-Cost_Follow_Up;2023-07-01;IT-SYS - System support and maintenance;1.0;1;15686.5
HS-10296-302-JHSO-Cost_Follow_Up;2023-07-01;PM-MGT - Project management;1.0;1;16714.0
HS-10296-302-JHSO-Cost_Follow_Up;2023-08-01;IM-IQC - Image Quality Control;62.0;62;33277.3
HS-10296-302-JHSO-Cost_Follow_Up;2023-08-01;IR-RMG - Reads management;219.0;219;81227.3
HS-10296-302-JHSO-Cost_Follow_Up;2023-08-01;IT-ORP - ORP support, maintenance and licenses;1.0;1;2397.5
HS-10296-302-JHSO-Cost_Follow_Up;2023-08-01;IT-RSU - Reader support and maintenance;6.0;6;9864.0
HS-10296-302-JHSO-Cost_Follow_Up;2023-08-01;IT-SYS - System support and maintenance;1.0;1;15686.5
HS-10296-302-JHSO-Cost_Follow_Up;2023-08-01;PM-CSC - Scientific consulting;3.0;0;6370.5
HS-10296-302-JHSO-Cost_Follow_Up;2023-08-01;PM-MGT - Project management;1.0;1;16714.0
HS-10296-302-JHSO-Cost_Follow_Up;2023-09-01;DM-SDT - Standard data transfer;1.0;0;5069.0
HS-10296-302-JHSO-Cost_Follow_Up;2023-09-01;IM-IQC - Image Quality Control;59.0;59;33982.85
HS-10296-302-JHSO-Cost_Follow_Up;2023-09-01;IR-RMG - Reads management;120.0;120;43929.05
HS-10296-302-JHSO-Cost_Follow_Up;2023-09-01;IT-ORP - ORP support, maintenance and licenses;1.0;1;2397.5
HS-10296-302-JHSO-Cost_Follow_Up;2023-09-01;IT-RSU - Reader support and maintenance;6.0;6;9864.0
HS-10296-302-JHSO-Cost_Follow_Up;2023-09-01;IT-SYS - System support and maintenance;1.0;1;15686.5
HS-10296-302-JHSO-Cost_Follow_Up;2023-09-01;PM-MGT - Project management;1.0;1;16714.0
HS-10296-302-JHSO-Cost_Follow_Up;2023-10-01;IM-IQC - Image Quality Control;49.0;49;28297.35
HS-10296-302-JHSO-Cost_Follow_Up;2023-10-01;IR-RMG - Reads management;103.0;103;38223.0
HS-10296-302-JHSO-Cost_Follow_Up;2023-10-01;IT-ORP - ORP support, maintenance and licenses;1.0;1;2397.5
HS-10296-302-JHSO-Cost_Follow_Up;2023-10-01;IT-RSU - Reader support and maintenance;6.0;6;9864.0
HS-10296-302-JHSO-Cost_Follow_Up;2023-10-01;IT-SYS - System support and maintenance;1.0;1;15686.5
HS-10296-302-JHSO-Cost_Follow_Up;2023-10-01;PM-MGT - Project management;1.0;1;16714.0
HS-10296-302-JHSO-Cost_Follow_Up;2023-11-01;DM-SDT - Standard data transfer;1.0;0;5069.0
HS-10296-302-JHSO-Cost_Follow_Up;2023-11-01;IM-IQC - Image Quality Control;57.0;57;33722.55
HS-10296-302-JHSO-Cost_Follow_Up;2023-11-01;IR-MCO - Reads monitoring;1.0;0;4589.5
HS-10296-302-JHSO-Cost_Follow_Up;2023-11-01;IR-RMG - Reads management;63.0;63;23735.25
HS-10296-302-JHSO-Cost_Follow_Up;2023-11-01;IT-ORP - ORP support, maintenance and licenses;1.0;1;2397.5
HS-10296-302-JHSO-Cost_Follow_Up;2023-11-01;IT-RSU - Reader support and maintenance;6.0;6;9864.0
HS-10296-302-JHSO-Cost_Follow_Up;2023-11-01;IT-SYS - System support and maintenance;1.0;1;15686.5
HS-10296-302-JHSO-Cost_Follow_Up;2023-11-01;PM-MGT - Project management;1.0;1;16714.0
HS-10296-302-JHSO-Cost_Follow_Up;2023-12-01;IM-IQC - Image Quality Control;47.0;47;29133.05
HS-10296-302-JHSO-Cost_Follow_Up;2023-12-01;IR-RMG - Reads management;123.0;123;45525.1
HS-10296-302-JHSO-Cost_Follow_Up;2023-12-01;IT-ORP - ORP support, maintenance and licenses;1.0;1;2397.5
HS-10296-302-JHSO-Cost_Follow_Up;2023-12-01;IT-RSU - Reader support and maintenance;6.0;6;9864.0
HS-10296-302-JHSO-Cost_Follow_Up;2023-12-01;IT-SYS - System support and maintenance;1.0;1;15686.5
HS-10296-302-JHSO-Cost_Follow_Up;2023-12-01;PM-MGT - Project management;1.0;1;16714.0
HS-10296-302-JHSO-Cost_Follow_Up;2024-01-01;DM-SDT - Standard data transfer;1.0;0;5069.0
HS-10296-302-JHSO-Cost_Follow_Up;2024-01-01;IM-IQC - Image Quality Control;61.0;61;31503.15
HS-10296-302-JHSO-Cost_Follow_Up;2024-01-01;IR-RMG - Reads management;111.0;111;41237.0
HS-10296-302-JHSO-Cost_Follow_Up;2024-01-01;IT-ORP - ORP support, maintenance and licenses;1.0;1;2397.5
HS-10296-302-JHSO-Cost_Follow_Up;2024-01-01;IT-RSU - Reader support and maintenance;6.0;6;9864.0
HS-10296-302-JHSO-Cost_Follow_Up;2024-01-01;IT-SYS - System support and maintenance;1.0;1;15686.5
HS-10296-302-JHSO-Cost_Follow_Up;2024-01-01;PM-MGT - Project management;1.0;1;16714.0
HS-10296-302-JHSO-Cost_Follow_Up;2024-02-01;IM-IQC - Image Quality Control;15.0;15;7980.25
HS-10296-302-JHSO-Cost_Follow_Up;2024-02-01;IR-RMG - Reads management;56.0;56;20399.3
HS-10296-302-JHSO-Cost_Follow_Up;2024-02-01;IT-ORP - ORP support, maintenance and licenses;1.0;1;2397.5
HS-10296-302-JHSO-Cost_Follow_Up;2024-02-01;IT-RSU - Reader support and maintenance;6.0;6;9864.0
HS-10296-302-JHSO-Cost_Follow_Up;2024-02-01;IT-SYS - System support and maintenance;1.0;1;15686.5
HS-10296-302-JHSO-Cost_Follow_Up;2024-02-01;PM-MGT - Project management;1.0;1;16714.0
HS-10296-302-JHSO-Cost_Follow_Up;2024-03-01;IM-IQC - Image Quality Control;28.0;28;17892.2
HS-10296-302-JHSO-Cost_Follow_Up;2024-03-01;IR-RMG - Reads management;72.0;72;26427.3
HS-10296-302-JHSO-Cost_Follow_Up;2024-03-01;IT-ORP - ORP support, maintenance and licenses;1.0;1;2397.5
HS-10296-302-JHSO-Cost_Follow_Up;2024-03-01;IT-RSU - Reader support and maintenance;6.0;6;9864.0
HS-10296-302-JHSO-Cost_Follow_Up;2024-03-01;IT-SYS - System support and maintenance;1.0;1;15686.5
HS-10296-302-JHSO-Cost_Follow_Up;2024-03-01;PM-MGT - Project management;1.0;1;16714.0
HS-10296-302-JHSO-Cost_Follow_Up;2024-04-01;IM-IQC - Image Quality Control;43.0;43;23132.45
HS-10296-302-JHSO-Cost_Follow_Up;2024-04-01;IR-RMG - Reads management;110.0;110;40510.9
HS-10296-302-JHSO-Cost_Follow_Up;2024-04-01;IT-ORP - ORP support, maintenance and licenses;1.0;1;2397.5
HS-10296-302-JHSO-Cost_Follow_Up;2024-04-01;IT-RSU - Reader support and maintenance;6.0;6;9864.0
HS-10296-302-JHSO-Cost_Follow_Up;2024-04-01;IT-SYS - System support and maintenance;1.0;1;15686.5
HS-10296-302-JHSO-Cost_Follow_Up;2024-04-01;PM-CSC - Scientific consulting;1.0;0;2123.5
HS-10296-302-JHSO-Cost_Follow_Up;2024-04-01;PM-MGT - Project management;1.0;1;16714.0
HS-10296-302-JHSO-Cost_Follow_Up;2024-05-01;DM-KDT - Key data transfer;1.0;0;21372.0
HS-10296-302-JHSO-Cost_Follow_Up;2024-05-01;DM-SDT - Standard data transfer;1.0;0;5069.0
HS-10296-302-JHSO-Cost_Follow_Up;2024-05-01;IM-IQC - Image Quality Control;36.0;36;18385.4
HS-10296-302-JHSO-Cost_Follow_Up;2024-05-01;IR-RMG - Reads management;158.0;158;59060.7
HS-10296-302-JHSO-Cost_Follow_Up;2024-05-01;IT-ORP - ORP support, maintenance and licenses;1.0;1;2397.5
HS-10296-302-JHSO-Cost_Follow_Up;2024-05-01;IT-RSU - Reader support and maintenance;6.0;6;9864.0
HS-10296-302-JHSO-Cost_Follow_Up;2024-05-01;IT-SYS - System support and maintenance;1.0;1;15686.5
HS-10296-302-JHSO-Cost_Follow_Up;2024-05-01;PM-MGT - Project management;1.0;1;16714.0
HS-10296-302-JHSO-Cost_Follow_Up;2024-06-01;IM-IQC - Image Quality Control;5.0;5;3390.75
HS-10296-302-JHSO-Cost_Follow_Up;2024-06-01;IR-RMG - Reads management;4.0;4;691.85
HS-10296-302-JHSO-Cost_Follow_Up;2024-06-01;IT-ORP - ORP support, maintenance and licenses;1.0;1;2397.5
HS-10296-302-JHSO-Cost_Follow_Up;2024-06-01;IT-RSU - Reader support and maintenance;6.0;6;9864.0
HS-10296-302-JHSO-Cost_Follow_Up;2024-06-01;IT-SYS - System support and maintenance;1.0;1;15686.5
HS-10296-302-JHSO-Cost_Follow_Up;2024-06-01;PM-MGT - Project management;1.0;1;16714.0
HS-10296-302-JHSO-Cost_Follow_Up;2024-07-01;IM-IQC - Image Quality Control;6.0;6;3520.9
HS-10296-302-JHSO-Cost_Follow_Up;2024-07-01;IR-RMG - Reads management;10.0;10;3767.5
HS-10296-302-JHSO-Cost_Follow_Up;2024-07-01;IT-ORP - ORP support, maintenance and licenses;1.0;1;2397.5
HS-10296-302-JHSO-Cost_Follow_Up;2024-07-01;IT-RSU - Reader support and maintenance;6.0;6;9864.0
HS-10296-302-JHSO-Cost_Follow_Up;2024-07-01;IT-SYS - System support and maintenance;1.0;1;15686.5
HS-10296-302-JHSO-Cost_Follow_Up;2024-07-01;PM-MGT - Project management;1.0;1;16714.0
HS-10296-302-JHSO-Cost_Follow_Up;2024-08-01;IM-IQC - Image Quality Control;17.0;17;10432.55
HS-10296-302-JHSO-Cost_Follow_Up;2024-08-01;IR-RMG - Reads management;30.0;30;11302.5
HS-10296-302-JHSO-Cost_Follow_Up;2024-08-01;IT-ORP - ORP support, maintenance and licenses;1.0;1;2397.5
HS-10296-302-JHSO-Cost_Follow_Up;2024-08-01;IT-RSU - Reader support and maintenance;6.0;6;9864.0
HS-10296-302-JHSO-Cost_Follow_Up;2024-08-01;IT-SYS - System support and maintenance;1.0;1;15686.5
HS-10296-302-JHSO-Cost_Follow_Up;2024-08-01;PM-MGT - Project management;1.0;1;16714.0
HS-10296-302-JHSO-Cost_Follow_Up;2024-09-01;IM-IQC - Image Quality Control;17.0;17;10432.55
HS-10296-302-JHSO-Cost_Follow_Up;2024-09-01;IR-RMG - Reads management;30.0;30;11302.5
HS-10296-302-JHSO-Cost_Follow_Up;2024-09-01;IT-ORP - ORP support, maintenance and licenses;1.0;1;2397.5
HS-10296-302-JHSO-Cost_Follow_Up;2024-09-01;IT-RSU - Reader support and maintenance;6.0;6;9864.0
HS-10296-302-JHSO-Cost_Follow_Up;2024-09-01;IT-SYS - System support and maintenance;1.0;1;15686.5
HS-10296-302-JHSO-Cost_Follow_Up;2024-09-01;PM-MGT - Project management;1.0;1;16714.0
HS-10296-302-JHSO-Cost_Follow_Up;2024-10-01;IM-IQC - Image Quality Control;12.0;12;7041.8
HS-10296-302-JHSO-Cost_Follow_Up;2024-10-01;IR-RMG - Reads management;20.0;20;7535.0
HS-10296-302-JHSO-Cost_Follow_Up;2024-10-01;IT-ORP - ORP support, maintenance and licenses;1.0;1;2397.5
HS-10296-302-JHSO-Cost_Follow_Up;2024-10-01;IT-RSU - Reader support and maintenance;6.0;6;9864.0
HS-10296-302-JHSO-Cost_Follow_Up;2024-10-01;IT-SYS - System support and maintenance;1.0;1;15686.5
HS-10296-302-JHSO-Cost_Follow_Up;2024-10-01;PM-MGT - Project management;1.0;1;16714.0
HS-10296-302-JHSO-Cost_Follow_Up;2024-11-01;IM-IQC - Image Quality Control;12.0;12;7041.8
HS-10296-302-JHSO-Cost_Follow_Up;2024-11-01;IR-RMG - Reads management;20.0;20;7535.0
HS-10296-302-JHSO-Cost_Follow_Up;2024-11-01;IT-ORP - ORP support, maintenance and licenses;1.0;1;2397.5
HS-10296-302-JHSO-Cost_Follow_Up;2024-11-01;IT-RSU - Reader support and maintenance;6.0;6;9864.0
HS-10296-302-JHSO-Cost_Follow_Up;2024-11-01;IT-SYS - System support and maintenance;1.0;1;15686.5
HS-10296-302-JHSO-Cost_Follow_Up;2024-11-01;PM-MGT - Project management;1.0;1;16714.0
HS-10296-302-JHSO-Cost_Follow_Up;2024-12-01;IM-IQC - Image Quality Control;12.0;12;7041.8
HS-10296-302-JHSO-Cost_Follow_Up;2024-12-01;IR-RMG - Reads management;20.0;20;7535.0
HS-10296-302-JHSO-Cost_Follow_Up;2024-12-01;IT-ORP - ORP support, maintenance and licenses;1.0;1;2397.5
HS-10296-302-JHSO-Cost_Follow_Up;2024-12-01;IT-RSU - Reader support and maintenance;6.0;6;9864.0
HS-10296-302-JHSO-Cost_Follow_Up;2024-12-01;IT-SYS - System support and maintenance;1.0;1;15686.5
HS-10296-302-JHSO-Cost_Follow_Up;2024-12-01;PM-MGT - Project management;1.0;1;16714.0
HS-10296-302-JHSO-Cost_Follow_Up;2025-01-01;CL-CLO - Close-out;26.0;0;51923.0
