Histo_Date;Histo_Version;Histo_Description;Histo_Author;Histo_Modified;Month_Validated;Quart_Forecast_Value;Quart_Difference;Quart_Rational;Quart_Comment;Budget_Forecast_Value;Budget_Difference;Budget_Rational;Budget_Comments;Final_Difference_Value;Final_Rational;Final_Comments;FAE_Total_Amount;FAE_Quote_Number;FAE_Quote_Status;FAE_Quote_Request_Date;FAE_Formal_Approval_Sponsor;FAE_Formal_Approval_Median;FAE_Estimated_Date_Fix;FAE_Additional_Comments
;;;;;;;;;;;;;;;;;;;;;;;;
;;;;;;;;;;;;;;;;;;;;;;;;
2024-07-03;64.0;update Invoicing Jun and forecast;"Yana LI
(Project Manager)";X;2024-06-01;330341.25;-22618.70000000001;01- Images reception lower than expected;;865901.65;88776.0;02- Scope changed without CO expected;;0.0;21- n/a;;12980.75;na;none;;;;;CO to be creacted
2024-07-01;63.0;Update the new templete V06 ;"Yana LI
(Project Manager)";X;2024-06-01;;;;;865901.65;;;;0.0;21- n/a;;;;;;;;;CO to be creacted
;;;;;;307722.55;;;;954677.65;;;;;;;;;;;;;;
