Project_code;Month;Code;Amount_quantity;Quantity_forecast;Amount_revenue
LUNAR-2-NOVC-Cost_Follow_Up;2023-09-01;PM-MGT - Project management;2;2;5440
LUNAR-2-NOVC-Cost_Follow_Up;2023-09-01;SP-STA - Study startup services;3;3;5120
LUNAR-2-NOVC-Cost_Follow_Up;2023-10-01;PM-MGT - Project management;1;1;2720
LUNAR-2-NOVC-Cost_Follow_Up;2023-11-01;PM-MGT - Project management;1;1;2720
LUNAR-2-NOVC-Cost_Follow_Up;2023-11-01;SP-SMD - Site management documentation;1;1;2160
LUNAR-2-NOVC-Cost_Follow_Up;2023-11-01;SP-STA - Study startup services;1;1;2800
LUNAR-2-NOVC-Cost_Follow_Up;2023-12-01;PM-MGT - Project management;1;1;2720
LUNAR-2-NOVC-Cost_Follow_Up;2023-12-01;SP-ISC - Image system configuration;1;1;8960
LUNAR-2-NOVC-Cost_Follow_Up;2023-12-01;SP-ORP - ORP setup;1;1;2800
LUNAR-2-NOVC-Cost_Follow_Up;2023-12-01;SP-SMI - Site initiation;2;2;832
LUNAR-2-NOVC-Cost_Follow_Up;2024-01-01;IT-ORP - ORP support, maintenance and licenses;1;1;384
LUNAR-2-NOVC-Cost_Follow_Up;2024-01-01;IT-SYS - System support and maintenance;1;1;2160
LUNAR-2-NOVC-Cost_Follow_Up;2024-01-01;PM-MGT - Project management;1;1;2720
LUNAR-2-NOVC-Cost_Follow_Up;2024-02-01;IT-ORP - ORP support, maintenance and licenses;1;1;384
LUNAR-2-NOVC-Cost_Follow_Up;2024-02-01;IT-SYS - System support and maintenance;1;1;2160
LUNAR-2-NOVC-Cost_Follow_Up;2024-02-01;PM-MGT - Project management;1;1;2720
LUNAR-2-NOVC-Cost_Follow_Up;2024-02-01;SP-SMI - Site initiation;1;1;416
LUNAR-2-NOVC-Cost_Follow_Up;2024-03-01;IT-ORP - ORP support, maintenance and licenses;1;1;384
LUNAR-2-NOVC-Cost_Follow_Up;2024-03-01;IT-SYS - System support and maintenance;1;1;2160
LUNAR-2-NOVC-Cost_Follow_Up;2024-03-01;PM-MGT - Project management;1;1;2720
LUNAR-2-NOVC-Cost_Follow_Up;2024-04-01;IT-ORP - ORP support, maintenance and licenses;1;1;384
LUNAR-2-NOVC-Cost_Follow_Up;2024-04-01;IT-SYS - System support and maintenance;1;1;2160
LUNAR-2-NOVC-Cost_Follow_Up;2024-04-01;PM-MGT - Project management;1;1;2720
LUNAR-2-NOVC-Cost_Follow_Up;2024-04-01;SP-IRC - Imaging review charter;1;1;7200
LUNAR-2-NOVC-Cost_Follow_Up;2024-05-01;IT-ORP - ORP support, maintenance and licenses;1;1;384
LUNAR-2-NOVC-Cost_Follow_Up;2024-05-01;IT-SYS - System support and maintenance;1;1;2160
LUNAR-2-NOVC-Cost_Follow_Up;2024-05-01;PM-MGT - Project management;1;1;2720
LUNAR-2-NOVC-Cost_Follow_Up;2024-05-01;SP-SMI - Site initiation;4;4;1664
LUNAR-2-NOVC-Cost_Follow_Up;2024-06-01;IT-ORP - ORP support, maintenance and licenses;1;1;384
LUNAR-2-NOVC-Cost_Follow_Up;2024-06-01;IT-SYS - System support and maintenance;1;1;2160
LUNAR-2-NOVC-Cost_Follow_Up;2024-06-01;PM-MGT - Project management;1;1;2720
LUNAR-2-NOVC-Cost_Follow_Up;2024-06-01;SP-RSC - Read system configuration;1;1;12880
LUNAR-2-NOVC-Cost_Follow_Up;2024-06-01;SP-SMI - Site initiation;4;4;1664
LUNAR-2-NOVC-Cost_Follow_Up;2024-07-01;IT-ORP - ORP support, maintenance and licenses;1;1;384
LUNAR-2-NOVC-Cost_Follow_Up;2024-07-01;IT-SYS - System support and maintenance;1;1;2160
LUNAR-2-NOVC-Cost_Follow_Up;2024-07-01;PM-MGT - Project management;1;1;2720
LUNAR-2-NOVC-Cost_Follow_Up;2024-07-01;SP-DMD - Data management documentation;1;1;7200
LUNAR-2-NOVC-Cost_Follow_Up;2024-07-01;SP-SMI - Site initiation;5;5;2080
LUNAR-2-NOVC-Cost_Follow_Up;2024-08-01;IM-IQC - Image Quality Control;10;10;1040
LUNAR-2-NOVC-Cost_Follow_Up;2024-08-01;IT-ORP - ORP support, maintenance and licenses;1;1;384
LUNAR-2-NOVC-Cost_Follow_Up;2024-08-01;IT-SYS - System support and maintenance;1;1;2160
LUNAR-2-NOVC-Cost_Follow_Up;2024-08-01;PM-MGT - Project management;1;1;2720
LUNAR-2-NOVC-Cost_Follow_Up;2024-08-01;SP-SMI - Site initiation;5;5;2080
LUNAR-2-NOVC-Cost_Follow_Up;2024-09-01;IM-IQC - Image Quality Control;10;10;1040
LUNAR-2-NOVC-Cost_Follow_Up;2024-09-01;IT-ORP - ORP support, maintenance and licenses;1;1;384
LUNAR-2-NOVC-Cost_Follow_Up;2024-09-01;IT-SYS - System support and maintenance;1;1;2160
LUNAR-2-NOVC-Cost_Follow_Up;2024-09-01;PM-MGT - Project management;1;1;2720
LUNAR-2-NOVC-Cost_Follow_Up;2024-09-01;SP-IRT - Reader selection and training;6;6;6720
LUNAR-2-NOVC-Cost_Follow_Up;2024-09-01;SP-SMI - Site initiation;6;6;2496
LUNAR-2-NOVC-Cost_Follow_Up;2024-10-01;IM-IQC - Image Quality Control;10;10;1040
LUNAR-2-NOVC-Cost_Follow_Up;2024-10-01;IT-ORP - ORP support, maintenance and licenses;1;1;384
LUNAR-2-NOVC-Cost_Follow_Up;2024-10-01;IT-SYS - System support and maintenance;1;1;2160
LUNAR-2-NOVC-Cost_Follow_Up;2024-10-01;PM-MGT - Project management;1;1;2720
LUNAR-2-NOVC-Cost_Follow_Up;2024-10-01;SP-SMI - Site initiation;5;5;2080
LUNAR-2-NOVC-Cost_Follow_Up;2024-11-01;IM-IQC - Image Quality Control;50;50;5200
LUNAR-2-NOVC-Cost_Follow_Up;2024-11-01;IT-ORP - ORP support, maintenance and licenses;1;1;384
LUNAR-2-NOVC-Cost_Follow_Up;2024-11-01;IT-SYS - System support and maintenance;1;1;2160
LUNAR-2-NOVC-Cost_Follow_Up;2024-11-01;PM-MGT - Project management;1;1;2720
LUNAR-2-NOVC-Cost_Follow_Up;2024-11-01;SP-SMI - Site initiation;5;5;2080
LUNAR-2-NOVC-Cost_Follow_Up;2024-12-01;IM-IQC - Image Quality Control;60;60;6240
LUNAR-2-NOVC-Cost_Follow_Up;2024-12-01;IT-ORP - ORP support, maintenance and licenses;1;1;384
LUNAR-2-NOVC-Cost_Follow_Up;2024-12-01;IT-SYS - System support and maintenance;1;1;2160
LUNAR-2-NOVC-Cost_Follow_Up;2024-12-01;PM-MGT - Project management;1;1;2720
LUNAR-2-NOVC-Cost_Follow_Up;2024-12-01;SP-SMI - Site initiation;5;5;2080
LUNAR-2-NOVC-Cost_Follow_Up;2025-01-01;IM-IQC - Image Quality Control;80;80;8320
LUNAR-2-NOVC-Cost_Follow_Up;2025-01-01;IR-RMG - Reads management;300;300;15000
LUNAR-2-NOVC-Cost_Follow_Up;2025-01-01;IT-ORP - ORP support, maintenance and licenses;1;1;384
LUNAR-2-NOVC-Cost_Follow_Up;2025-01-01;IT-RSU - Reader support and maintenance;6;6;1296
LUNAR-2-NOVC-Cost_Follow_Up;2025-01-01;IT-SYS - System support and maintenance;1;1;2160
LUNAR-2-NOVC-Cost_Follow_Up;2025-01-01;PM-MGT - Project management;1;1;2720
LUNAR-2-NOVC-Cost_Follow_Up;2025-01-01;SP-SMI - Site initiation;5;5;2080
LUNAR-2-NOVC-Cost_Follow_Up;2025-02-01;IM-IQC - Image Quality Control;100;100;10400
LUNAR-2-NOVC-Cost_Follow_Up;2025-02-01;IR-MCO - Reads monitoring;4;4;3840
LUNAR-2-NOVC-Cost_Follow_Up;2025-02-01;IR-RMG - Reads management;300;300;15000
LUNAR-2-NOVC-Cost_Follow_Up;2025-02-01;IT-ORP - ORP support, maintenance and licenses;1;1;384
LUNAR-2-NOVC-Cost_Follow_Up;2025-02-01;IT-RSU - Reader support and maintenance;6;6;1296
LUNAR-2-NOVC-Cost_Follow_Up;2025-02-01;IT-SYS - System support and maintenance;1;1;2160
LUNAR-2-NOVC-Cost_Follow_Up;2025-02-01;PM-MGT - Project management;1;1;2720
LUNAR-2-NOVC-Cost_Follow_Up;2025-02-01;SP-DMS - Data management program set-up;1;1;19600
LUNAR-2-NOVC-Cost_Follow_Up;2025-02-01;SP-SMI - Site initiation;5;5;2080
LUNAR-2-NOVC-Cost_Follow_Up;2025-03-01;IM-IQC - Image Quality Control;120;120;12480
LUNAR-2-NOVC-Cost_Follow_Up;2025-03-01;IR-RMG - Reads management;330;330;17280
LUNAR-2-NOVC-Cost_Follow_Up;2025-03-01;IT-ORP - ORP support, maintenance and licenses;1;1;384
LUNAR-2-NOVC-Cost_Follow_Up;2025-03-01;IT-RSU - Reader support and maintenance;6;6;1296
LUNAR-2-NOVC-Cost_Follow_Up;2025-03-01;IT-SYS - System support and maintenance;1;1;2160
LUNAR-2-NOVC-Cost_Follow_Up;2025-03-01;PM-MGT - Project management;1;1;2720
LUNAR-2-NOVC-Cost_Follow_Up;2025-03-01;SP-SMI - Site initiation;5;5;2080
LUNAR-2-NOVC-Cost_Follow_Up;2025-04-01;DM-SDT - Standard data transfer;1;1;1040
LUNAR-2-NOVC-Cost_Follow_Up;2025-04-01;IM-IQC - Image Quality Control;120;120;12480
LUNAR-2-NOVC-Cost_Follow_Up;2025-04-01;IR-MCO - Reads monitoring;3;3;4880
LUNAR-2-NOVC-Cost_Follow_Up;2025-04-01;IT-ORP - ORP support, maintenance and licenses;1;1;384
LUNAR-2-NOVC-Cost_Follow_Up;2025-04-01;IT-SYS - System support and maintenance;1;1;2160
LUNAR-2-NOVC-Cost_Follow_Up;2025-04-01;PM-MGT - Project management;1;1;2720
LUNAR-2-NOVC-Cost_Follow_Up;2025-04-01;SP-SMI - Site initiation;5;5;2080
LUNAR-2-NOVC-Cost_Follow_Up;2025-05-01;IM-IQC - Image Quality Control;120;120;12480
LUNAR-2-NOVC-Cost_Follow_Up;2025-05-01;IT-ORP - ORP support, maintenance and licenses;1;1;384
LUNAR-2-NOVC-Cost_Follow_Up;2025-05-01;IT-SYS - System support and maintenance;1;1;2160
LUNAR-2-NOVC-Cost_Follow_Up;2025-05-01;PM-MGT - Project management;1;1;2720
LUNAR-2-NOVC-Cost_Follow_Up;2025-05-01;SP-SMI - Site initiation;5;5;2080
LUNAR-2-NOVC-Cost_Follow_Up;2025-06-01;IM-IQC - Image Quality Control;120;120;12480
LUNAR-2-NOVC-Cost_Follow_Up;2025-06-01;IT-ORP - ORP support, maintenance and licenses;1;1;384
LUNAR-2-NOVC-Cost_Follow_Up;2025-06-01;IT-SYS - System support and maintenance;1;1;2160
LUNAR-2-NOVC-Cost_Follow_Up;2025-06-01;PM-MGT - Project management;1;1;2720
LUNAR-2-NOVC-Cost_Follow_Up;2025-06-01;SP-SMI - Site initiation;5;5;2080
LUNAR-2-NOVC-Cost_Follow_Up;2025-07-01;IM-IQC - Image Quality Control;120;120;12480
LUNAR-2-NOVC-Cost_Follow_Up;2025-07-01;IR-RMG - Reads management;800;800;40000
LUNAR-2-NOVC-Cost_Follow_Up;2025-07-01;IT-ORP - ORP support, maintenance and licenses;1;1;384
LUNAR-2-NOVC-Cost_Follow_Up;2025-07-01;IT-RSU - Reader support and maintenance;6;6;1296
LUNAR-2-NOVC-Cost_Follow_Up;2025-07-01;IT-SYS - System support and maintenance;1;1;2160
LUNAR-2-NOVC-Cost_Follow_Up;2025-07-01;PM-MGT - Project management;1;1;2720
LUNAR-2-NOVC-Cost_Follow_Up;2025-07-01;SP-SMI - Site initiation;5;5;2080
LUNAR-2-NOVC-Cost_Follow_Up;2025-08-01;IM-IQC - Image Quality Control;120;120;12480
LUNAR-2-NOVC-Cost_Follow_Up;2025-08-01;IR-RMG - Reads management;800;800;40000
LUNAR-2-NOVC-Cost_Follow_Up;2025-08-01;IT-ORP - ORP support, maintenance and licenses;1;1;384
LUNAR-2-NOVC-Cost_Follow_Up;2025-08-01;IT-RSU - Reader support and maintenance;6;6;1296
LUNAR-2-NOVC-Cost_Follow_Up;2025-08-01;IT-SYS - System support and maintenance;1;1;2160
LUNAR-2-NOVC-Cost_Follow_Up;2025-08-01;PM-MGT - Project management;1;1;2720
LUNAR-2-NOVC-Cost_Follow_Up;2025-08-01;SP-SMI - Site initiation;5;5;2080
LUNAR-2-NOVC-Cost_Follow_Up;2025-09-01;IM-IQC - Image Quality Control;120;120;12480
LUNAR-2-NOVC-Cost_Follow_Up;2025-09-01;IR-RMG - Reads management;950;950;51400
LUNAR-2-NOVC-Cost_Follow_Up;2025-09-01;IT-ORP - ORP support, maintenance and licenses;1;1;384
LUNAR-2-NOVC-Cost_Follow_Up;2025-09-01;IT-RSU - Reader support and maintenance;6;6;1296
LUNAR-2-NOVC-Cost_Follow_Up;2025-09-01;IT-SYS - System support and maintenance;1;1;2160
LUNAR-2-NOVC-Cost_Follow_Up;2025-09-01;PM-MGT - Project management;1;1;2720
LUNAR-2-NOVC-Cost_Follow_Up;2025-09-01;SP-SMI - Site initiation;5;5;2080
LUNAR-2-NOVC-Cost_Follow_Up;2025-10-01;DM-SDT - Standard data transfer;1;1;1040
LUNAR-2-NOVC-Cost_Follow_Up;2025-10-01;IM-IQC - Image Quality Control;120;120;12480
LUNAR-2-NOVC-Cost_Follow_Up;2025-10-01;IR-MCO - Reads monitoring;1;1;2960
LUNAR-2-NOVC-Cost_Follow_Up;2025-10-01;IR-RMG - Reads management;1200;1200;60000
LUNAR-2-NOVC-Cost_Follow_Up;2025-10-01;IT-ORP - ORP support, maintenance and licenses;1;1;384
LUNAR-2-NOVC-Cost_Follow_Up;2025-10-01;IT-RSU - Reader support and maintenance;6;6;1296
LUNAR-2-NOVC-Cost_Follow_Up;2025-10-01;IT-SYS - System support and maintenance;1;1;2160
LUNAR-2-NOVC-Cost_Follow_Up;2025-10-01;PM-MGT - Project management;1;1;2720
LUNAR-2-NOVC-Cost_Follow_Up;2025-10-01;SP-SMI - Site initiation;5;5;2080
LUNAR-2-NOVC-Cost_Follow_Up;2025-11-01;IM-IQC - Image Quality Control;120;120;12480
LUNAR-2-NOVC-Cost_Follow_Up;2025-11-01;IR-RMG - Reads management;1162;1162;58100
LUNAR-2-NOVC-Cost_Follow_Up;2025-11-01;IT-ORP - ORP support, maintenance and licenses;1;1;384
LUNAR-2-NOVC-Cost_Follow_Up;2025-11-01;IT-RSU - Reader support and maintenance;6;6;1296
LUNAR-2-NOVC-Cost_Follow_Up;2025-11-01;IT-SYS - System support and maintenance;1;1;2160
LUNAR-2-NOVC-Cost_Follow_Up;2025-11-01;PM-MGT - Project management;1;1;2720
LUNAR-2-NOVC-Cost_Follow_Up;2025-11-01;SP-SMI - Site initiation;5;5;2080
LUNAR-2-NOVC-Cost_Follow_Up;2025-12-01;IM-IQC - Image Quality Control;120;120;12480
LUNAR-2-NOVC-Cost_Follow_Up;2025-12-01;IR-RMG - Reads management;1000;1000;50000
LUNAR-2-NOVC-Cost_Follow_Up;2025-12-01;IT-ORP - ORP support, maintenance and licenses;1;1;384
LUNAR-2-NOVC-Cost_Follow_Up;2025-12-01;IT-RSU - Reader support and maintenance;6;6;1296
LUNAR-2-NOVC-Cost_Follow_Up;2025-12-01;IT-SYS - System support and maintenance;1;1;2160
LUNAR-2-NOVC-Cost_Follow_Up;2025-12-01;PM-MGT - Project management;1;1;2720
LUNAR-2-NOVC-Cost_Follow_Up;2025-12-01;SP-SMI - Site initiation;5;5;2080
LUNAR-2-NOVC-Cost_Follow_Up;2026-01-01;IM-IQC - Image Quality Control;120;120;12480
LUNAR-2-NOVC-Cost_Follow_Up;2026-01-01;IR-MCO - Reads monitoring;2;2;3520
LUNAR-2-NOVC-Cost_Follow_Up;2026-01-01;IR-RMG - Reads management;1000;1000;50000
LUNAR-2-NOVC-Cost_Follow_Up;2026-01-01;IT-ORP - ORP support, maintenance and licenses;1;1;384
LUNAR-2-NOVC-Cost_Follow_Up;2026-01-01;IT-RSU - Reader support and maintenance;6;6;1296
LUNAR-2-NOVC-Cost_Follow_Up;2026-01-01;IT-SYS - System support and maintenance;1;1;2160
LUNAR-2-NOVC-Cost_Follow_Up;2026-01-01;PM-MGT - Project management;1;1;2720
LUNAR-2-NOVC-Cost_Follow_Up;2026-01-01;SP-SMI - Site initiation;5;5;2080
LUNAR-2-NOVC-Cost_Follow_Up;2026-02-01;DM-KDT - Key data transfer;1;1;3920
LUNAR-2-NOVC-Cost_Follow_Up;2026-02-01;IM-IQC - Image Quality Control;120;120;12480
LUNAR-2-NOVC-Cost_Follow_Up;2026-02-01;IR-RMG - Reads management;1000;1000;50000
LUNAR-2-NOVC-Cost_Follow_Up;2026-02-01;IT-ORP - ORP support, maintenance and licenses;1;1;384
LUNAR-2-NOVC-Cost_Follow_Up;2026-02-01;IT-RSU - Reader support and maintenance;6;6;1296
LUNAR-2-NOVC-Cost_Follow_Up;2026-02-01;IT-SYS - System support and maintenance;1;1;2160
LUNAR-2-NOVC-Cost_Follow_Up;2026-02-01;PM-MGT - Project management;1;1;2720
LUNAR-2-NOVC-Cost_Follow_Up;2026-02-01;SP-SMI - Site initiation;5;5;2080
LUNAR-2-NOVC-Cost_Follow_Up;2026-03-01;IM-IQC - Image Quality Control;120;120;12480
LUNAR-2-NOVC-Cost_Follow_Up;2026-03-01;IR-RMG - Reads management;1200;1200;65200
LUNAR-2-NOVC-Cost_Follow_Up;2026-03-01;IT-ORP - ORP support, maintenance and licenses;1;1;384
LUNAR-2-NOVC-Cost_Follow_Up;2026-03-01;IT-RSU - Reader support and maintenance;6;6;1296
LUNAR-2-NOVC-Cost_Follow_Up;2026-03-01;IT-SYS - System support and maintenance;1;1;2160
LUNAR-2-NOVC-Cost_Follow_Up;2026-03-01;PM-MGT - Project management;1;1;2720
LUNAR-2-NOVC-Cost_Follow_Up;2026-03-01;SP-SMI - Site initiation;5;5;2080
LUNAR-2-NOVC-Cost_Follow_Up;2026-04-01;DM-SDT - Standard data transfer;1;1;1040
LUNAR-2-NOVC-Cost_Follow_Up;2026-04-01;IM-IQC - Image Quality Control;120;120;12480
LUNAR-2-NOVC-Cost_Follow_Up;2026-04-01;IT-ORP - ORP support, maintenance and licenses;1;1;384
LUNAR-2-NOVC-Cost_Follow_Up;2026-04-01;IT-SYS - System support and maintenance;1;1;2160
LUNAR-2-NOVC-Cost_Follow_Up;2026-04-01;PM-MGT - Project management;1;1;2720
LUNAR-2-NOVC-Cost_Follow_Up;2026-04-01;SP-SMI - Site initiation;5;5;2080
LUNAR-2-NOVC-Cost_Follow_Up;2026-05-01;IM-IQC - Image Quality Control;120;120;12480
LUNAR-2-NOVC-Cost_Follow_Up;2026-05-01;IT-ORP - ORP support, maintenance and licenses;1;1;384
LUNAR-2-NOVC-Cost_Follow_Up;2026-05-01;IT-SYS - System support and maintenance;1;1;2160
LUNAR-2-NOVC-Cost_Follow_Up;2026-05-01;PM-MGT - Project management;1;1;2720
LUNAR-2-NOVC-Cost_Follow_Up;2026-05-01;SP-SMI - Site initiation;5;5;2080
LUNAR-2-NOVC-Cost_Follow_Up;2026-06-01;IM-IQC - Image Quality Control;100;100;10400
LUNAR-2-NOVC-Cost_Follow_Up;2026-06-01;IT-ORP - ORP support, maintenance and licenses;1;1;384
LUNAR-2-NOVC-Cost_Follow_Up;2026-06-01;IT-SYS - System support and maintenance;1;1;2160
LUNAR-2-NOVC-Cost_Follow_Up;2026-06-01;PM-MGT - Project management;1;1;2720
LUNAR-2-NOVC-Cost_Follow_Up;2026-06-01;SP-SMI - Site initiation;3;3;1248
LUNAR-2-NOVC-Cost_Follow_Up;2026-07-01;IM-IQC - Image Quality Control;100;100;10400
LUNAR-2-NOVC-Cost_Follow_Up;2026-07-01;IR-RMG - Reads management;1000;1000;50000
LUNAR-2-NOVC-Cost_Follow_Up;2026-07-01;IT-ORP - ORP support, maintenance and licenses;1;1;384
LUNAR-2-NOVC-Cost_Follow_Up;2026-07-01;IT-RSU - Reader support and maintenance;6;6;1296
LUNAR-2-NOVC-Cost_Follow_Up;2026-07-01;IT-SYS - System support and maintenance;1;1;2160
LUNAR-2-NOVC-Cost_Follow_Up;2026-07-01;PM-MGT - Project management;1;1;2720
LUNAR-2-NOVC-Cost_Follow_Up;2026-08-01;IM-IQC - Image Quality Control;100;100;10400
LUNAR-2-NOVC-Cost_Follow_Up;2026-08-01;IR-RMG - Reads management;1000;1000;50000
LUNAR-2-NOVC-Cost_Follow_Up;2026-08-01;IT-ORP - ORP support, maintenance and licenses;1;1;384
LUNAR-2-NOVC-Cost_Follow_Up;2026-08-01;IT-RSU - Reader support and maintenance;6;6;1296
LUNAR-2-NOVC-Cost_Follow_Up;2026-08-01;IT-SYS - System support and maintenance;1;1;2160
LUNAR-2-NOVC-Cost_Follow_Up;2026-08-01;PM-MGT - Project management;1;1;2720
LUNAR-2-NOVC-Cost_Follow_Up;2026-09-01;IM-IQC - Image Quality Control;100;100;10400
LUNAR-2-NOVC-Cost_Follow_Up;2026-09-01;IR-RMG - Reads management;1200;1200;65200
LUNAR-2-NOVC-Cost_Follow_Up;2026-09-01;IT-ORP - ORP support, maintenance and licenses;1;1;384
LUNAR-2-NOVC-Cost_Follow_Up;2026-09-01;IT-RSU - Reader support and maintenance;6;6;1296
LUNAR-2-NOVC-Cost_Follow_Up;2026-09-01;IT-SYS - System support and maintenance;1;1;2160
LUNAR-2-NOVC-Cost_Follow_Up;2026-09-01;PM-MGT - Project management;1;1;2720
LUNAR-2-NOVC-Cost_Follow_Up;2026-10-01;DM-SDT - Standard data transfer;1;1;1040
LUNAR-2-NOVC-Cost_Follow_Up;2026-10-01;IM-IQC - Image Quality Control;100;100;10400
LUNAR-2-NOVC-Cost_Follow_Up;2026-10-01;IT-ORP - ORP support, maintenance and licenses;1;1;384
LUNAR-2-NOVC-Cost_Follow_Up;2026-10-01;IT-SYS - System support and maintenance;1;1;2160
LUNAR-2-NOVC-Cost_Follow_Up;2026-10-01;PM-MGT - Project management;1;1;2720
LUNAR-2-NOVC-Cost_Follow_Up;2026-11-01;IM-IQC - Image Quality Control;80;80;8320
LUNAR-2-NOVC-Cost_Follow_Up;2026-11-01;IT-ORP - ORP support, maintenance and licenses;1;1;384
LUNAR-2-NOVC-Cost_Follow_Up;2026-11-01;IT-SYS - System support and maintenance;1;1;2160
LUNAR-2-NOVC-Cost_Follow_Up;2026-11-01;PM-MGT - Project management;1;1;2720
LUNAR-2-NOVC-Cost_Follow_Up;2026-12-01;IM-IQC - Image Quality Control;80;80;8320
LUNAR-2-NOVC-Cost_Follow_Up;2026-12-01;IR-MCO - Reads monitoring;1;1;2960
LUNAR-2-NOVC-Cost_Follow_Up;2026-12-01;IT-ORP - ORP support, maintenance and licenses;1;1;384
LUNAR-2-NOVC-Cost_Follow_Up;2026-12-01;IT-SYS - System support and maintenance;1;1;2160
LUNAR-2-NOVC-Cost_Follow_Up;2026-12-01;PM-MGT - Project management;1;1;2720
LUNAR-2-NOVC-Cost_Follow_Up;2027-01-01;IM-IQC - Image Quality Control;80;80;8320
LUNAR-2-NOVC-Cost_Follow_Up;2027-01-01;IR-RMG - Reads management;1000;1000;50000
LUNAR-2-NOVC-Cost_Follow_Up;2027-01-01;IT-ORP - ORP support, maintenance and licenses;1;1;384
LUNAR-2-NOVC-Cost_Follow_Up;2027-01-01;IT-RSU - Reader support and maintenance;6;6;1296
LUNAR-2-NOVC-Cost_Follow_Up;2027-01-01;IT-SYS - System support and maintenance;1;1;2160
LUNAR-2-NOVC-Cost_Follow_Up;2027-01-01;PM-MGT - Project management;1;1;2720
LUNAR-2-NOVC-Cost_Follow_Up;2027-02-01;IM-IQC - Image Quality Control;80;80;8320
LUNAR-2-NOVC-Cost_Follow_Up;2027-02-01;IR-RMG - Reads management;1000;1000;50000
LUNAR-2-NOVC-Cost_Follow_Up;2027-02-01;IT-ORP - ORP support, maintenance and licenses;1;1;384
LUNAR-2-NOVC-Cost_Follow_Up;2027-02-01;IT-RSU - Reader support and maintenance;6;6;1296
LUNAR-2-NOVC-Cost_Follow_Up;2027-02-01;IT-SYS - System support and maintenance;1;1;2160
LUNAR-2-NOVC-Cost_Follow_Up;2027-02-01;PM-MGT - Project management;1;1;2720
LUNAR-2-NOVC-Cost_Follow_Up;2027-03-01;IM-IQC - Image Quality Control;80;80;8320
LUNAR-2-NOVC-Cost_Follow_Up;2027-03-01;IR-RMG - Reads management;1200;1200;65200
LUNAR-2-NOVC-Cost_Follow_Up;2027-03-01;IT-ORP - ORP support, maintenance and licenses;1;1;384
LUNAR-2-NOVC-Cost_Follow_Up;2027-03-01;IT-RSU - Reader support and maintenance;6;6;1296
LUNAR-2-NOVC-Cost_Follow_Up;2027-03-01;IT-SYS - System support and maintenance;1;1;2160
LUNAR-2-NOVC-Cost_Follow_Up;2027-03-01;PM-MGT - Project management;1;1;2720
LUNAR-2-NOVC-Cost_Follow_Up;2027-04-01;DM-SDT - Standard data transfer;1;1;1040
LUNAR-2-NOVC-Cost_Follow_Up;2027-04-01;IM-IQC - Image Quality Control;80;80;8320
LUNAR-2-NOVC-Cost_Follow_Up;2027-04-01;IT-ORP - ORP support, maintenance and licenses;1;1;384
LUNAR-2-NOVC-Cost_Follow_Up;2027-04-01;IT-SYS - System support and maintenance;1;1;2160
LUNAR-2-NOVC-Cost_Follow_Up;2027-04-01;PM-MGT - Project management;1;1;2720
LUNAR-2-NOVC-Cost_Follow_Up;2027-05-01;IM-IQC - Image Quality Control;80;80;8320
LUNAR-2-NOVC-Cost_Follow_Up;2027-05-01;IT-ORP - ORP support, maintenance and licenses;1;1;384
LUNAR-2-NOVC-Cost_Follow_Up;2027-05-01;IT-SYS - System support and maintenance;1;1;2160
LUNAR-2-NOVC-Cost_Follow_Up;2027-05-01;PM-MGT - Project management;1;1;2720
LUNAR-2-NOVC-Cost_Follow_Up;2027-06-01;IM-IQC - Image Quality Control;80;80;8320
LUNAR-2-NOVC-Cost_Follow_Up;2027-06-01;IT-ORP - ORP support, maintenance and licenses;1;1;384
LUNAR-2-NOVC-Cost_Follow_Up;2027-06-01;IT-SYS - System support and maintenance;1;1;2160
LUNAR-2-NOVC-Cost_Follow_Up;2027-06-01;PM-MGT - Project management;1;1;2720
LUNAR-2-NOVC-Cost_Follow_Up;2027-07-01;IM-IQC - Image Quality Control;80;80;8320
LUNAR-2-NOVC-Cost_Follow_Up;2027-07-01;IR-RMG - Reads management;1000;1000;50000
LUNAR-2-NOVC-Cost_Follow_Up;2027-07-01;IT-ORP - ORP support, maintenance and licenses;1;1;384
LUNAR-2-NOVC-Cost_Follow_Up;2027-07-01;IT-RSU - Reader support and maintenance;6;6;1296
LUNAR-2-NOVC-Cost_Follow_Up;2027-07-01;IT-SYS - System support and maintenance;1;1;2160
LUNAR-2-NOVC-Cost_Follow_Up;2027-07-01;PM-MGT - Project management;1;1;2720
LUNAR-2-NOVC-Cost_Follow_Up;2027-08-01;IM-IQC - Image Quality Control;80;80;8320
LUNAR-2-NOVC-Cost_Follow_Up;2027-08-01;IR-RMG - Reads management;1000;1000;50000
LUNAR-2-NOVC-Cost_Follow_Up;2027-08-01;IT-ORP - ORP support, maintenance and licenses;1;1;384
LUNAR-2-NOVC-Cost_Follow_Up;2027-08-01;IT-RSU - Reader support and maintenance;6;6;1296
LUNAR-2-NOVC-Cost_Follow_Up;2027-08-01;IT-SYS - System support and maintenance;1;1;2160
LUNAR-2-NOVC-Cost_Follow_Up;2027-08-01;PM-MGT - Project management;1;1;2720
LUNAR-2-NOVC-Cost_Follow_Up;2027-09-01;IM-IQC - Image Quality Control;80;80;8320
LUNAR-2-NOVC-Cost_Follow_Up;2027-09-01;IR-RMG - Reads management;1200;1200;65200
LUNAR-2-NOVC-Cost_Follow_Up;2027-09-01;IT-ORP - ORP support, maintenance and licenses;1;1;384
LUNAR-2-NOVC-Cost_Follow_Up;2027-09-01;IT-RSU - Reader support and maintenance;6;6;1296
LUNAR-2-NOVC-Cost_Follow_Up;2027-09-01;IT-SYS - System support and maintenance;1;1;2160
LUNAR-2-NOVC-Cost_Follow_Up;2027-09-01;PM-MGT - Project management;1;1;2720
LUNAR-2-NOVC-Cost_Follow_Up;2027-10-01;DM-SDT - Standard data transfer;1;1;1040
LUNAR-2-NOVC-Cost_Follow_Up;2027-10-01;IM-IQC - Image Quality Control;80;80;8320
LUNAR-2-NOVC-Cost_Follow_Up;2027-10-01;IT-ORP - ORP support, maintenance and licenses;1;1;384
LUNAR-2-NOVC-Cost_Follow_Up;2027-10-01;IT-SYS - System support and maintenance;1;1;2160
LUNAR-2-NOVC-Cost_Follow_Up;2027-10-01;PM-MGT - Project management;1;1;2720
LUNAR-2-NOVC-Cost_Follow_Up;2027-11-01;IM-IQC - Image Quality Control;80;80;8320
LUNAR-2-NOVC-Cost_Follow_Up;2027-11-01;IT-ORP - ORP support, maintenance and licenses;1;1;384
LUNAR-2-NOVC-Cost_Follow_Up;2027-11-01;IT-SYS - System support and maintenance;1;1;2160
LUNAR-2-NOVC-Cost_Follow_Up;2027-11-01;PM-MGT - Project management;1;1;2720
LUNAR-2-NOVC-Cost_Follow_Up;2027-12-01;IM-IQC - Image Quality Control;80;80;8320
LUNAR-2-NOVC-Cost_Follow_Up;2027-12-01;IT-ORP - ORP support, maintenance and licenses;1;1;384
LUNAR-2-NOVC-Cost_Follow_Up;2027-12-01;IT-SYS - System support and maintenance;1;1;2160
LUNAR-2-NOVC-Cost_Follow_Up;2027-12-01;PM-MGT - Project management;1;1;2720
LUNAR-2-NOVC-Cost_Follow_Up;2028-01-01;IM-IQC - Image Quality Control;80;80;8320
LUNAR-2-NOVC-Cost_Follow_Up;2028-01-01;IR-RMG - Reads management;960;960;48000
LUNAR-2-NOVC-Cost_Follow_Up;2028-01-01;IT-ORP - ORP support, maintenance and licenses;1;1;384
LUNAR-2-NOVC-Cost_Follow_Up;2028-01-01;IT-RSU - Reader support and maintenance;6;6;1296
LUNAR-2-NOVC-Cost_Follow_Up;2028-01-01;IT-SYS - System support and maintenance;1;1;2160
LUNAR-2-NOVC-Cost_Follow_Up;2028-01-01;PM-MGT - Project management;1;1;2720
LUNAR-2-NOVC-Cost_Follow_Up;2028-02-01;IM-IQC - Image Quality Control;80;80;8320
LUNAR-2-NOVC-Cost_Follow_Up;2028-02-01;IR-RMG - Reads management;800;800;40000
LUNAR-2-NOVC-Cost_Follow_Up;2028-02-01;IT-ORP - ORP support, maintenance and licenses;1;1;384
LUNAR-2-NOVC-Cost_Follow_Up;2028-02-01;IT-RSU - Reader support and maintenance;6;6;1296
LUNAR-2-NOVC-Cost_Follow_Up;2028-02-01;IT-SYS - System support and maintenance;1;1;2160
LUNAR-2-NOVC-Cost_Follow_Up;2028-02-01;PM-MGT - Project management;1;1;2720
LUNAR-2-NOVC-Cost_Follow_Up;2028-03-01;IM-IQC - Image Quality Control;80;80;8320
LUNAR-2-NOVC-Cost_Follow_Up;2028-03-01;IR-RMG - Reads management;1088;1088;61888
LUNAR-2-NOVC-Cost_Follow_Up;2028-03-01;IT-ORP - ORP support, maintenance and licenses;1;1;384
LUNAR-2-NOVC-Cost_Follow_Up;2028-03-01;IT-RSU - Reader support and maintenance;6;6;1296
LUNAR-2-NOVC-Cost_Follow_Up;2028-03-01;IT-SYS - System support and maintenance;1;1;2160
LUNAR-2-NOVC-Cost_Follow_Up;2028-03-01;PM-MGT - Project management;1;1;2720
LUNAR-2-NOVC-Cost_Follow_Up;2028-04-01;DM-SDT - Standard data transfer;1;1;1040
LUNAR-2-NOVC-Cost_Follow_Up;2028-04-01;IM-IQC - Image Quality Control;60;60;6240
LUNAR-2-NOVC-Cost_Follow_Up;2028-04-01;IT-ORP - ORP support, maintenance and licenses;1;1;384
LUNAR-2-NOVC-Cost_Follow_Up;2028-04-01;IT-SYS - System support and maintenance;1;1;2160
LUNAR-2-NOVC-Cost_Follow_Up;2028-04-01;PM-MGT - Project management;1;1;2720
LUNAR-2-NOVC-Cost_Follow_Up;2028-05-01;IM-IQC - Image Quality Control;64;64;6656
LUNAR-2-NOVC-Cost_Follow_Up;2028-05-01;IT-ORP - ORP support, maintenance and licenses;1;1;384
LUNAR-2-NOVC-Cost_Follow_Up;2028-05-01;IT-SYS - System support and maintenance;1;1;2160
LUNAR-2-NOVC-Cost_Follow_Up;2028-05-01;PM-MGT - Project management;1;1;2720
LUNAR-2-NOVC-Cost_Follow_Up;2028-06-01;IM-IQC - Image Quality Control;60;60;6240
LUNAR-2-NOVC-Cost_Follow_Up;2028-06-01;IT-ORP - ORP support, maintenance and licenses;1;1;384
LUNAR-2-NOVC-Cost_Follow_Up;2028-06-01;IT-SYS - System support and maintenance;1;1;2160
LUNAR-2-NOVC-Cost_Follow_Up;2028-06-01;PM-MGT - Project management;1;1;2720
LUNAR-2-NOVC-Cost_Follow_Up;2028-07-01;IM-IQC - Image Quality Control;60;60;6240
LUNAR-2-NOVC-Cost_Follow_Up;2028-07-01;IT-ORP - ORP support, maintenance and licenses;1;1;384
LUNAR-2-NOVC-Cost_Follow_Up;2028-07-01;IT-SYS - System support and maintenance;1;1;2160
LUNAR-2-NOVC-Cost_Follow_Up;2028-07-01;PM-MGT - Project management;1;1;2720
LUNAR-2-NOVC-Cost_Follow_Up;2028-08-01;IM-IQC - Image Quality Control;60;60;6240
LUNAR-2-NOVC-Cost_Follow_Up;2028-08-01;IR-RMG - Reads management;800;800;40000
LUNAR-2-NOVC-Cost_Follow_Up;2028-08-01;IT-ORP - ORP support, maintenance and licenses;1;1;384
LUNAR-2-NOVC-Cost_Follow_Up;2028-08-01;IT-RSU - Reader support and maintenance;6;6;1296
LUNAR-2-NOVC-Cost_Follow_Up;2028-08-01;IT-SYS - System support and maintenance;1;1;2160
LUNAR-2-NOVC-Cost_Follow_Up;2028-08-01;PM-MGT - Project management;1;1;2720
LUNAR-2-NOVC-Cost_Follow_Up;2028-09-01;IM-IQC - Image Quality Control;60;60;6240
LUNAR-2-NOVC-Cost_Follow_Up;2028-09-01;IR-RMG - Reads management;800;800;40000
LUNAR-2-NOVC-Cost_Follow_Up;2028-09-01;IT-ORP - ORP support, maintenance and licenses;1;1;384
LUNAR-2-NOVC-Cost_Follow_Up;2028-09-01;IT-RSU - Reader support and maintenance;6;6;1296
LUNAR-2-NOVC-Cost_Follow_Up;2028-09-01;IT-SYS - System support and maintenance;1;1;2160
LUNAR-2-NOVC-Cost_Follow_Up;2028-09-01;PM-MGT - Project management;1;1;2720
LUNAR-2-NOVC-Cost_Follow_Up;2028-10-01;IM-IQC - Image Quality Control;60;60;6240
LUNAR-2-NOVC-Cost_Follow_Up;2028-10-01;IR-RMG - Reads management;1000;1000;55200
LUNAR-2-NOVC-Cost_Follow_Up;2028-10-01;IT-ORP - ORP support, maintenance and licenses;1;1;384
LUNAR-2-NOVC-Cost_Follow_Up;2028-10-01;IT-RSU - Reader support and maintenance;6;6;1296
LUNAR-2-NOVC-Cost_Follow_Up;2028-10-01;IT-SYS - System support and maintenance;1;1;2160
LUNAR-2-NOVC-Cost_Follow_Up;2028-10-01;PM-MGT - Project management;1;1;2720
LUNAR-2-NOVC-Cost_Follow_Up;2028-11-01;DM-KDT - Key data transfer;1;1;3920
LUNAR-2-NOVC-Cost_Follow_Up;2028-11-01;IR-MCO - Reads monitoring;1;1;2960
LUNAR-2-NOVC-Cost_Follow_Up;2028-11-01;IT-ORP - ORP support, maintenance and licenses;1;1;384
LUNAR-2-NOVC-Cost_Follow_Up;2028-11-01;IT-SYS - System support and maintenance;1;1;2160
LUNAR-2-NOVC-Cost_Follow_Up;2028-11-01;PM-MGT - Project management;1;1;2720
LUNAR-2-NOVC-Cost_Follow_Up;2028-12-01;CL-CLO - Close-out;26;26;9240
