Histo_Date;Histo_Version;Histo_Description;Histo_Author;Histo_Modified;Month_Validated;Quart_Forecast_Value;Quart_Difference;Quart_Rational;Quart_Comment;Budget_Forecast_Value;Budget_Difference;Budget_Rational;Budget_Comments;Final_Difference_Value;Final_Rational;Final_Comments;FAE_Total_Amount;FAE_Quote_Number;FAE_Quote_Status;FAE_Quote_Request_Date;FAE_Formal_Approval_Sponsor;FAE_Formal_Approval_Median;FAE_Estimated_Date_Fix;FAE_Additional_Comments
;;;;;;;;;;;;;;;;;;;;;;;;
2024-07-01;26.0;Correction Financial reporting Jun 2024;"Gabrielle GERARD 
(SPM)";X;2024-06-01;55616.0;-16316.0;12- Delay in FPI inducing overall delay in forecasts;Image reception, review system maintenance fees, IDMP not finalised;429452.0;-301084.0;08- Delay in overall timeline and forecasts due to FPI delay;Reads delayed to 2025 / FPI delayed again to end of Jul;86335.0;21- n/a;PTC, scientific consulting;0.0;;;;;;;
2024-07-01;25.0;Financial reporting Jun 2024;"Gabrielle GERARD 
(SPM)";X;2024-06-01;38448.0;;21- n/a;;429452.0;-301084.0;08- Delay in overall timeline and forecasts due to FPI delay;Reads delayed to 2025 / FPI delayed again to end of Jul;86335.0;21- n/a;PTC, scientific consulting;0.0;;;;;;;
2024-07-02;24.0;Invoicing Jun 2024;"Gabrielle GERARD 
(SPM)";X;;;;;;;;;;;;;;;;;;;;
2024-06-20;23.0;"Implementing new template of CFU V06 
refer to Version_Old for previous revision history";"Gabrielle GERARD 
(SPM)";X;2024-05-01;55616.0;-8800.0;12- Delay in FPI inducing overall delay in forecasts;Image reception, review system maintenance fees;429452.0;-294004.0;08- Delay in overall timeline and forecasts due to FPI delay;Reads delayed to 2025;86551.0;21- n/a;PTC, scientific consulting;0.0;;;;;;;
