Unnamed: 0,¥ (Yen),Unnamed: 2,Unnamed: 3,Unnamed: 4,TOTAL,Unnamed: 6,Unnamed: 7,Unnamed: 8,Unnamed: 9,Unnamed: 10,Unnamed: 11,Unnamed: 12,Unnamed: 13,Unnamed: 14,Unnamed: 15,Unnamed: 16,Unnamed: 17,Unnamed: 18,Unnamed: 19,Unnamed: 20,Unnamed: 21,Unnamed: 22,Unnamed: 23,Unnamed: 24,Unnamed: 25,Unnamed: 26,Unnamed: 27,Unnamed: 28,Unnamed: 29,Unnamed: 30,Unnamed: 31,Unnamed: 32,Unnamed: 33,Unnamed: 34,Unnamed: 35,Unnamed: 36,Unnamed: 37,Unnamed: 38,Unnamed: 39,Unnamed: 40,Unnamed: 41,Unnamed: 42,Unnamed: 43,Unnamed: 44,Unnamed: 45,Unnamed: 46,Unnamed: 47,Unnamed: 48,Unnamed: 49,Unnamed: 50,Unnamed: 51,Unnamed: 52,Unnamed: 53,Unnamed: 54,Unnamed: 55,Unnamed: 56,Unnamed: 57,Unnamed: 58,Unnamed: 59,Unnamed: 60,Unnamed: 61,Unnamed: 62,Unnamed: 63,Unnamed: 64,Unnamed: 65,Unnamed: 66,Unnamed: 67
,$ (Dollars),TOTAL PROJECT BUDGET,,,879252.38,,,,,,,,,,,,,,,,,,,,,,,,,,,,,,,,,,,,,,,,,,,,,,,,,,,,,,,,,,,,,,
,€ (Euros),,,,,,,,,,,,,,,,,,,,,,,,,,,,,,,,,,,,,,,,,,,,,,,,,,,,,,,,,,,,,,,,,,
,SPONSOR's Name,Roche,,,,,,,,Enrolled Patient,,,,,,,,33,53,58,73,83,86,103,,,,,,,,,,,,,,,,,,,,,,,,,,,,,,,,,,,,,,,,,,,
,Currency,€ (Euros),,,,,,,,Indicate real # of patients enrolled in the study at each months,,,,,,,,,,,,,,,,,,,,,,,,,,,,,,,,,,,,,,,,,,,,,,,,,,,,,,,,,
,,,,,,,,,,,,,,Q3 - 2023,,,Q4 - 2023,,,Q1 - 2024,,,Q2 - 2024,,,Q3 - 2024,,,Q4 - 2024,,,Q1 - 2025,,,Q2 - 2025,,,Q3 - 2025,,,Q4 - 2025,,,Q1 - 2026,,,Q2 - 2026,,,Q3 - 2026,,,Q4 - 2026,,,Q1 - 2027,,,Q2 - 2027,,,Q3 - 2027,,,Q4 - 2027,,
,Category,Services,Product category,Unit type,QTY,Unit Cost,Gross Price,Discount,Unit Cost Discounted,Price Discounted,,,2023-06-01 00:00:00,2023-07-01 00:00:00,2023-08-01 00:00:00,2023-09-01 00:00:00,2023-10-01 00:00:00,2023-11-01 00:00:00,2023-12-01 00:00:00,2024-01-01 00:00:00,2024-02-01 00:00:00,2024-03-01 00:00:00,2024-04-01 00:00:00,2024-05-01 00:00:00,2024-06-01 00:00:00,2024-07-01 00:00:00,2024-08-01 00:00:00,2024-09-01 00:00:00,2024-10-01 00:00:00,2024-11-01 00:00:00,2024-12-01 00:00:00,2025-01-01 00:00:00,2025-02-01 00:00:00,2025-03-01 00:00:00,2025-04-01 00:00:00,2025-05-01 00:00:00,2025-06-01 00:00:00,2025-07-01 00:00:00,2025-08-01 00:00:00,2025-09-01 00:00:00,2025-10-01 00:00:00,2025-11-01 00:00:00,2025-12-01 00:00:00,2026-01-01 00:00:00,2026-02-01 00:00:00,2026-03-01 00:00:00,2026-04-01 00:00:00,2026-05-01 00:00:00,2026-06-01 00:00:00,2026-07-01 00:00:00,2026-08-01 00:00:00,2026-09-01 00:00:00,2026-10-01 00:00:00,2026-11-01 00:00:00,2026-12-01 00:00:00,2027-01-01 00:00:00,2027-02-01 00:00:00,2027-03-01 00:00:00,2027-04-01 00:00:00,2027-05-01 00:00:00,2027-06-01 00:00:00,2027-07-01 00:00:00,2027-08-01 00:00:00,2027-09-01,2027-10-01 00:00:00,2027-11-01,2027-12-01
,,,,,,,,,,,Remaining Balance,Already invoiced,,,,,,,,,,,,,,,,,,,,,,,,,,,,,,,,,,,,,,,,,,,,,,,,,,,,,,,
,Study Preparation and Set-up Services,Site Technical Evaluation / Site certification,SP-SMI - Site initiation,per site (1 modality),125,169,21125,0.18,138.58,17322.5,2,85,,,0,29,22,3,9,6,4,7,2,3,3,6,6,6,7,5,3,2,,,,,,,,,,,,,,,,,,,,,,,,,,,,,,,,,,,
,,Image Acquisition Manual and Form Development,SP-SMD - Site management documentation,per manual,1,2935,2935,0.18,2406.7,2406.7,0,1,,,0,1,,,,,,,,,,,,,,,,,,,,,,,,,,,,,,,,,,,,,,,,,,,,,,,,,,,
,,Image Acquisition Manual and Form Development - Minor Update - CO#1,SP-SMD - Site management documentation,per manual,1,733,733,0.18,601.06,601.06,0,0,,,,,,,,,,,,,,1,,,,,,,,,,,,,,,,,,,,,,,,,,,,,,,,,,,,,,,,,
,,Imaging Laboratory Database (set up and maintenance),SP-ISC - Image system configuration,per study,1,7696,7696,0.18,6310.72,6310.72,0,1,,,0,1,,,,,,,,,,,,,,,,,,,,,,,,,,,,,,,,,,,,,,,,,,,,,,,,,,,
,,Study Kit preparation and provision to sites,SP-SMI - Site initiation,per site ,13,102,1326,0.18,83.64,1087.32,7,4,,,,0,4,0,0,0,0,0,0,,,,,1,,1,,,,,,,,,,,,,,,,,,,,,,,,,,,,,,,,,,,,,
,,Study Set-up ,SP-STA - Study startup services,per study,1,5625,5625,0.18,4612.5,4612.5,0,1,,,,1,,,,,,,,,,,,,,,,,,,,,,,,,,,,,,,,,,,,,,,,,,,,,,,,,,,
,Training and Program Management,Remote Site Training by Provider,PM-MGT - Project management,per session,15,291,4365,0.18,238.62,3579.3,15,0,,,,,,,,,,,,,,,,,,,,,,,,,,,,,,,,,,,,,,,,,,,,,,,,,,,,,,,
,,Remote Site Training: web-based module for Imaging Criteria,PM-MGT - Project management,per module,1,,0,0.18,0,0,1,0,,,,,,,,,,,,,,,,,,,,,,,,,,,,,,,,,,,,,,,,,,,,,,,,,,,,,,,
,,Kick off Meeting,PM-MGT - Project management,per meeting,1,1570,1570,0.18,1287.4,1287.4,0,1,0,0,0,1,,,,,,,,,,,,,,,,,,,,,,,,,,,,,,,,,,,,,,,,,,,,,,,,,,,
,,Additional Face to Face (Project Management),PM-MGT - Project management,per day,1,1682,1682,0.18,1379.24,1379.24,0,0,,,,,,,,,,,,,,,,,,,,,,,,,,,,,,,,,,,,,,,,,,,,,,,,,1,,,,,,
,Project Management,Study Start-up,PM-MGT - Project management,months,4,1908,7632,0.18,1564.56,6258.24,0,4,0,0,0,4,,,,,,,,,,,,,,,,,,,,,,,,,,,,,,,,,,,,,,,,,,,,,,,,,,,
,,Recruitment (FPI to LPI),PM-MGT - Project management,months,18,1908,34344,0.18,1564.56,28162.079999999998,0,8,,,,,1,1,1,1,1,1,1,1,1,1,1,1,1,1,1,1,1,1,,,,,,,,,,,,,,,,,,,,,,,,,,,,,,,,,
,,Treatment (LPI - LPO),PM-MGT - Project management,months,24,1908,45792,0.18,1564.56,37549.44,0,0,,,,,,,,,,,,,,,,,,,,,,,1,1,1,1,1,1,1,1,1,1,1,1,1,1,1,1,1,1,1,1,1,1,1,1,,,,,,,,,
,,Follow-up,PM-MGT - Project management,months,4,1523,6092,0.18,1248.8600000000001,4995.4400000000005,0,0,,,,,,,,,,,,,,,,,,,,,,,,,,,,,,,,,,,,,,,,,,,,,,,1,1,1,1,,,,,
,Site Management,Study Start-up,PM-MGT - Project management,months,4,1908,7632,0.18,1564.56,6258.24,0,4,,,0,2,1,1,,,,,,,,,,,,,,,,,,,,,,,,,,,,,,,,,,,,,,,,,,,,,,,,,
,,Recruitment (FPI to LPI),PM-MGT - Project management,months,18,1908,34344,0.18,1564.56,28162.079999999998,0,6,,,,,,,1,1,1,1,1,1,1,1,1,1,1,1,1,1,1,1,1,1,,,,,,,,,,,,,,,,,,,,,,,,,,,,,,,
,,Treatment (LPI - LPO),PM-MGT - Project management,months,24,1908,45792,0.18,1564.56,37549.44,0,0,,,,,,,,,,,,,,,,,,,,,,,,,1,1,1,1,1,1,1,1,1,1,1,1,1,1,1,1,1,1,1,1,1,1,1,1,,,,,,,
,,Follow-up,PM-MGT - Project management,months,4,1523,6092,0.18,1248.8600000000001,4995.4400000000005,2,0,,,,,,,,,,,,,,,,,,,,,,,,,,,,,,,,,,,,,,,,,,,,,,,,,1,1,,,,,
,Image Data Services,CT,IM-IQC - Image Quality Control,per time point,2408,112,269696,0.18,91.84,221150.72,10,286,,,0,4,2,7,110,37,35,20,19,52,60,65,70,60,40,50,40,60,60,80,80,80,100,100,100,100,100,100,60,80,80,70,70,60,60,60,60,45,40,30,20,20,12,,,,,,,,,,
,,MRI,IM-IQC - Image Quality Control,per time point,1204,112,134848,0.18,91.84,110575.36,116,104,,,0,2,,3,56,17,11,1,0,14,15,20,25,18,20,15,20,20,30,35,40,40,50,50,50,50,50,50,30,40,40,35,35,30,30,30,30,25,20,15,10,10,6,,,,,,,,,,
,,Bone scans,IM-IQC - Image Quality Control,per time point,1204,72,86688,0.18,59.04,71084.16,834,17,,,,0,0,1,13,2,0,0,0,1,2,3,4,5,5,5,7,8,8,8,12,12,15,15,20,20,20,20,15,20,20,16,16,10,10,10,10,8,7,6,5,5,6,,,,,,,,,,
,Image Handling,Digitisation of Images,IM-IQC - Image Quality Control,per film,241,21,5061,0.18,17.22,4150.0199999999995,76,9,,,,0,0,0,3,0,1,1,0,4,2,0,2,0,1,1,0,6,6,8,8,8,9,8,8,9,8,6,6,6,6,6,6,6,5,5,5,4,4,2,2,2,1,,,,,,,,,,
,,Just in Time Imaging,IR-RMG - Reads management,per screened subject,301,233,70133,0.18,191.06,57509.06,275,10,,,,1,0,2,2,1,1,0,0,3,1,0,2,2,2,2,2,2,2,1,,,,,,,,,,,,,,,,,,,,,,,,,,,,,,,,,
,,Just in Time Imaging - CO#1,IR-RMG - Reads management,per screened subject,-211,233,-49163,0.18,191.06,-40313.66,-211,0,,,,,,,,,,,,,,,,,,,,,,,,,,,,,,,,,,,,,,,,,,,,,,,,,,,,,,,
,,Analysis Data Transfers - routine,DM-SDT - Standard data transfer,per transfer ,8,816,6528,0.18,669.12,5352.96,5,0,,,,,,,,,,,,,,,,,,,1,,,1,,,1,,,,,,,,,,,,,,,,,,,,,,,,,,,,,,
,,Analysis Data Transfers - final,DM-KDT - Key data transfer,per transfer ,1,2448,2448,0.18,2007.3600000000001,2007.3600000000001,0,0,,,,,,,,,,,,,,,,,,,,,,,,,,,,1,,,,,,,,,,,,,,,,,,,,,,,,,,,
,,Image Transfer System (Site to Provider) set up,SP-ISC - Image system configuration,per study,1,6295,6295,0.18,5161.9,5161.9,0,1,,,0,1,,,,,,,,,,,,,,,,,,,,,,,,,,,,,,,,,,,,,,,,,,,,,,,,,,,
,,Image Transfer System (Site to Provider) set up - Minor Update - CO#1,SP-ISC - Image system configuration,per study,1,1000,1000,0.18,820,820,1,0,,,,,,,,,,,,,,,,,,,,,,,,,,,,,,,,,,,,,,,,,,,,,,,,,,,,,,,
,,Image Transfer (Site to Provider),DM-ITS - Image transfer to sponsor,per transfer,2408,17,40936,0.18,13.94,33567.52,90,279,,,,1,0,8,112,38,33,19,19,49,75,85,95,78,39,49,40,54,54,72,72,72,91,92,92,91,92,94,54,74,74,64,64,54,55,55,55,41,36,28,18,18,12,,,,,,,,,,
,,Image Transfer (Provider to Roche/Genentech)  - eTransfer,DM-ITS - Image transfer to sponsor,per study,1,1147,1147,0.18,940.54,940.54,0,0,,,,,,,,,,,,,,,,,,,,,,,,,,,,,,,,,,,,,,,,,,,,,,,,,,1,,,,,
,,Image Transfer (Provider to Roche/Genentech) - Annotated Images (Overlay / RT STRUCT / Pixel annotations…),DM-ITS - Image transfer to sponsor,per transfer,1,7920,7920,0.18,6494.4,6494.4,0,0,,,,,,,,,,,,,,,,,,,,,,,,,,,,,,,,,,,,,,,,,,,,,,,,,,1,,,,,
,Independent Reading / Grading Services,Independent Review Charter Development and Finalisation,SP-IRC - Imaging review charter,per charter (1 modality),1,6000,6000,0.18,4920,4920,0,1,,,0,1,,,,,,,,,,,,,,,,,,,,,,,,,,,,,,,,,,,,,,,,,,,,,,,,,,,
,,Independent Review Charter Development and Finalisation – Major Update - CO#1,SP-IRC - Imaging review charter,per charter (1 modality),1,4500,4500,0.18,3690,3690,0,0,,,,,,,,,,,,,,1,,,,,,,,,,,,,,,,,,,,,,,,,,,,,,,,,,,,,,,,,
,,Reading System Preparation ,SP-RSC - Read system configuration,per study,1,15200,15200,0.18,12464,12464,0,1,,,0,1,,,,,,,,,,,,,,,,,,,,,,,,,,,,,,,,,,,,,,,,,,,,,,,,,,,
,,Reader Training ,SP-IRT - Reader selection and training,per session,1,1529,1529,0.18,1253.78,1253.78,0,1,,,,1,,,,,,,,,,,,,,,,,,,,,,,,,,,,,,,,,,,,,,,,,,,,,,,,,,,
,,Reader Training - CO#1,SP-IRT - Reader selection and training,per session,1,1529,1529,0.18,1253.78,1253.78,0,0,,,,,,,,,,,,,,,1,,,,,,,,,,,,,,,,,,,,,,,,,,,,,,,,,,,,,,,,
,,Reader Training ,SP-IRT - Reader selection and training,per reader,6,1019,6114,0.18,835.58,5013.4800000000005,0,6,,,,6,,,,,,,,,,,,,,,,,,,,,,,,,,,,,,,,,,,,,,,,,,,,,,,,,,,
,,Reader Training - CO#1,SP-IRT - Reader selection and training,per reader,6,1019,6114,0.18,835.58,5013.4800000000005,0,0,,,,,,,,,,,,,,,6,,,,,,,,,,,,,,,,,,,,,,,,,,,,,,,,,,,,,,,,
,,Conduct blinded reading sessions - RECIST 1.1,IR-RMG - Reads management,per time point per reader ,5418,71,384678,0.18,58.22,315435.96,4266,60,,,0,8,0,12,6,6,4,0,0,24,8,0,16,16,16,16,16,120,120,150,150,150,150,150,14,,,,,,,,,,,,,,,,,,,,,,,,,,,,
,,Conduct blinded reading sessions - RECIST 1.1 - CO#1,IR-RMG - Reads management,per time point per reader ,-3798,71,-269658,0.18,58.22,-221119.56,-3798,0,,,,,,,,,,,,,,,,,,,,,,,,,,,,,,,,,,,,,,,,,,,,,,,,,,,,,,,
,,Conduct Blinded Reading / Grading Session(s) - Quality Monitoring,IR-RMG - Reads management,per hour,20,321,6420,0.18,263.22,5264.400000000001,5,0,,,,,,,,,,,,,,,,,,,,,5,,,5,,,5,,,,,,,,,,,,,,,,,,,,,,,,,,,,
,,Conduct Blinded Reading / Grading Session(s) - Inter Reader Variability,IR-RMG - Reads management,per time point,200,71,14200,0.18,58.22,11644,50,0,,,,,,,,,,,,,,,,,,,,,50,,,50,,,50,,,,,,,,,,,,,,,,,,,,,,,,,,,,
,,Conduct Blinded Reading / Grading Session(s) - Intra Reader Variability,IR-RMG - Reads management,per time point,300,71,21300,0.18,58.22,17466,75,0,,,,,,,,,,,,,,,,,,,,,75,,,75,,,75,,,,,,,,,,,,,,,,,,,,,,,,,,,,
,,Conduct Blinded Reading / Grading Session(s) - Adjudication,IR-RMG - Reads management,per time point per reader,1011,71,71781,0.18,58.22,58860.42,800,15,,,0,3,0,0,4,2,0,0,0,6,0,0,2,4,4,4,4,30,28,30,25,25,20,20,,,,,,,,,,,,,,,,,,,,,,,,,,,,,
,,Conduct Blinded Reading / Grading Session(s) - Adjudication - CO#1,IR-RMG - Reads management,per time point per reader,-709,71,-50339,0.18,58.22,-41277.979999999996,-709,0,,,,,,,,,,,,,,,,,,,,,,,,,,,,,,,,,,,,,,,,,,,,,,,,,,,,,,,
,Other Direct Costs,Scientific Consulting,PM-CSC - Scientific consulting,per hour,50,485,24250,0.18,397.7,19885,47,3,,,,,1,0,,,1,1,,,,,,,,,,,,,,,,,,,,,,,,,,,,,,,,,,,,,,,,,,,,,
, Study Close,Final Study Report,CL-CLO - Close-out,per report,1,2731,2731,0.18,2239.42,2239.42,0,0,,,,,,,,,,,,,,,,,,,,,,,,,,,,,,,,,,,,,,,,,,,,,,,,,,,1,,,,
,,Project Close-Out Services,CL-CLO - Close-out,per study,1,3771,3771,0.18,3092.2200000000003,3092.2200000000003,0,0,,,,,,,,,,,,,,,,,,,,,,,,,,,,,,,,,,,,,,,,,,,,,,,,,,,1,,,,
,,Long-term Archival Cost ,CL-CLO - Close-out,per year,15,255,3825,0.18,209.1,3136.5,0,0,,,,,,,,,,,,,,,,,,,,,,,,,,,,,,,,,,,,,,,,,,,,,,,,,,,15,,,,
,,,,,,,,,,,,,,,,,,,,,,,,,,,,,,,,,,,,,,,,,,,,,,,,,,,,,,,,,,,,,,,,,,,
,TOTAL NET DIRECT COSTS,,,,,,,,,879252.38,,,,,,,,,,,,,,,,,,,,,,,,,,,,,,,,,,,,,,,,,,,,,,,,,,,,,,,,,
,,,,,,,,,,,,,,,,,,,,,,,,,,,,,,,,,,,,,,,,,,,,,,,,,,,,,,,,,,,,,,,,,,,
,Other Pass Through Expenses (Insert rows as needed),Translation (Chinese),SP-SMD - Site management documentation,Language,1,3300,,,,,1,,,,,,,,,,,,,,,,,,,,,,,,,,,,,,,,,,,,,,,,,,,,,,,,,,,,,,,,
,,"Image Data Shipment from Sites to Median
(site with impossible electronic transfer)",IM-IQC - Image Quality Control,Shipment,241,40,,,,,240,,,,,,,1,,,,,,,,,,,,,,,,,,,,,,,,,,,,,,,,,,,,,,,,,,,,,,,,,
,,Hard Disk Drive for Image Transfer,DM-ITS - Image transfer to sponsor,Unit,1,2000,,,,,1,,,,,,,,,,,,,,,,,,,,,,,,,,,,,,,,,,,,,,,,,,,,,,,,,,,,,,,,
,,Add # lines available in Fees tab Pass-Through Costs only (Payment sched. Tab),,,,,,,,,,,,,,,,,,,,,,,,,,,,,,,,,,,,,,,,,,,,,,,,,,,,,,,,,,,,,,,,,
,TOTAL PASS-THROUGH COSTS,,,,,,,,,0,,,,,,,,,,,,,,,,,,,,,,,,,,,,,,,,,,,,,,,,,,,,,,,,,,,,,,,,,
,,,,,,,,,,,,,,,,,,,,,,,,,,,,,,,,,,,,,,,,,,,,,,,,,,,,,,,,,,,,,,,,,,,
,GRAND TOTAL,,,,,,,,,879252.38,,,,,,,,,,,,,,,,,,,,,,,,,,,,,,,,,,,,,,,,,,,,,,,,,,,,,,,,,
